Sample,DBS2,DBS4,DBS6,DBS7,DBS9,DBS11
Kidney-RCC::MSI-H.S.1,131.77843621343368,0.0,0.0,0.0,0.0,0.0
Kidney-RCC::MSI-H.S.2,24.94575438783918,0.0,0.0,0.033670138823992724,0.0,0.9366520435847459
Kidney-RCC::MSI-H.S.3,0.7315050534128652,0.16487169253727074,0.036705445546421876,0.0,1.166498920155202,0.8713020932886594
