Sample,SBS1,SBS4,SBS5,SBS6,SBS9,SBS12,SBS14,SBS16,SBS17a,SBS17b,SBS18,SBS19,SBS22a,SBS24,SBS26,SBS29,SBS30,SBS31,SBS35,SBS40
Liver-HCC::MSI-H.S.36,81.60870787960246,0.0,4825.895574611287,0.0,0.0,0.0,1515.0240424893555,0.0,0.0,0.0,0.0,0.0,0.0,0.0,362.76411444382245,0.0,229.70274381741854,0.0,0.0,0.0
Liver-HCC::MSI-H.S.51,0.0,394.8022329959699,7659.597993131587,0.0,0.0,1166.3059325838835,916.5795587926349,429.067381860301,94.55455261605582,0.0,0.0,0.0,0.0,706.8712140817591,0.0,0.0,0.0,0.0,0.0,0.0
Liver-HCC::MSI-H.S.1,1780.3179102416243,0.0,10055.260163208124,10842.137876135435,0.0,0.0,2548.2930221100783,898.0685062814417,0.0,0.0,0.0,0.0,0.0,0.0,8201.010594497851,0.0,1548.1803407171471,0.0,0.0,0.0
