Sample,ID1,ID2,ID4,ID5,ID6,ID8,ID9
Ovary-AdenoCA::MSI-H.S.1,7216.754276341409,7412.978378514072,116.83922988014164,741.6159504784923,23.704557436671834,0.0,300.032411703486
