Breast-AdenoCA,ID1,ID2,ID4,ID5,ID6,ID8,ID9,ID11
Breast-AdenoCA,0.9368421,0.7421053,0.1,0.06315789,0.4263158,0.9210526,0.8473684,0.005263158
ColoRect-AdenoCA,ID1,ID2,ID5,ID14
ColoRect-AdenoCA,1,1,0.2166667,0.1666667
Eso-AdenoCA,ID1,ID2,ID4,ID5,ID6,ID8,ID9,ID10,ID14
Eso-AdenoCA,1,1,0.1666667,0.4583333,0.07291667,0.09375,0.2083333,0.02083333,0.3125
Kidney-RCC,ID1,ID2,ID3,ID4,ID5,ID6,ID8,ID9,ID11
Kidney-RCC,0.584507,0.2253521,0.584507,0.07746479,0.9859155,0.02112676,0.9788732,0.6408451,0.5774648
Liver-HCC,ID1,ID2,ID3,ID5,ID6,ID8,ID9,ID11
Liver-HCC,0.9937304,0.3761755,0.9122257,0.9749216,0.05956113,0.8965517,0.1159875,0.1253918
Lung-AdenoCA,ID1,ID2,ID3,ID5,ID6,ID8,ID9
Lung-AdenoCA,0.8,0.4,0.8285714,0.7428571,0.08571429,0.5142857,0.2285714
Ovary-AdenoCA,ID1,ID2,ID4,ID5,ID6,ID8,ID9
Ovary-AdenoCA,0.840708,0.6460177,0.3362832,0.3716814,0.7256637,0.9026549,0.6725664
Skin-Melanoma,ID1,ID2,ID4,ID5,ID8,ID9,ID13
Skin-Melanoma,0.9714286,0.552381,0.06666667,0.9142857,0.8380952,0.01904762,0.7142857
Stomach-AdenoCA,ID1,ID2,ID3,ID5,ID6,ID7,ID8,ID14
Stomach-AdenoCA,0.9677419,1,0.01612903,0.5806452,0.1612903,0.01612903,0.1935484,0.1129032
