Sample,SBS1,SBS2,SBS5,SBS13,SBS22,SBS29,SBS40,SBS41
Kidney-RCC::MSI-H.S.1,2197.615611663569,0.0,16665.529829050764,0.0,121.26405302258844,0.0,0.0,0.0
