,Kidney-RCC::MSI-H.S.1,Kidney-RCC::MSI-H.S.2,Kidney-RCC::MSI-H.S.3
DBS2,131.77843621343362,24.954573666534525,0.7520980800323991
DBS4,0.0,0.0,0.0
DBS6,0.0,0.0,0.0
DBS7,0.0,0.0,0.0
DBS9,0.0,0.0,0.0
DBS11,0.0,0.0,0.0
