Sample,ID1,ID2,ID3,ID5,ID6,ID8,ID9,ID11
Liver-HCC::MSI-H.S.1,18594.319749851395,6139.575156366697,0.0,0.0,0.0,0.0,21.77350765727364,0.0
