Breast-AdenoCA,SBS1,SBS2,SBS3,SBS5,SBS8,SBS9,SBS13,SBS17a,SBS17b,SBS18,SBS37,SBS40,SBS41
Breast-AdenoCA,1,0.8939394,0.4090909,1,0.01010101,0.02020202,0.8939394,0.02020202,0.02020202,0.4191919,0.005050505,0.005050505,0.06060606
ColoRect-AdenoCA,SBS1,SBS5,SBS10a,SBS10b,SBS15,SBS17a,SBS17b,SBS18,SBS28,SBS37,SBS40,SBS44
ColoRect-AdenoCA,1,0.9491525,0.1355932,0.1355932,0.01694915,0.06779661,0.06779661,0.5762712,0.220339,0.1355932,0.5084746,0.1694915
Eso-AdenoCA,SBS1,SBS2,SBS3,SBS5,SBS13,SBS17a,SBS17b,SBS18,SBS28,SBS40
Eso-AdenoCA,1,0.3298969,0.1340206,0.9587629,0.3092784,0.9278351,0.9278351,0.4123711,0.04123711,0.5670103
Kidney-RCC,SBS1,SBS2,SBS4,SBS5,SBS12,SBS13,SBS18,SBS21,SBS22a,SBS22b,SBS40a,SBS40b,SBS40c,SBS44
Kidney-RCC,0.7702703,0.006237006,0.5738046,0.08004158,0.04677755,0.1600832,0.07380457,0.005197505,0.07380457,0.0987526,0.8960499,0.8627859,0.1205821,0.006237006
Liver-HCC,SBS1,SBS4,SBS5,SBS6,SBS9,SBS12,SBS14,SBS16,SBS17a,SBS17b,SBS18,SBS19,SBS22a,SBS24,SBS26,SBS29,SBS30,SBS31,SBS35,SBS40
Liver-HCC,0.6490683,0.2732919,1,0.00931677,0.00621118,0.6149068,0.00931677,0.1180124,0.00931677,0.01552795,0.00310559,0.01863354,0.05279503,0.00310559,0.00621118,0.3850932,0.00621118,0.00310559,0.0310559,0.1149068
Lung-AdenoCA,SBS1,SBS2,SBS3,SBS4,SBS5,SBS9,SBS13,SBS17a,SBS17b,SBS18,SBS28,SBS40
Lung-AdenoCA,0.9473684,0.5789474,0.07894737,0.5526316,0.9210526,0.02631579,0.5789474,0.07894737,0.07894737,0.2105263,0.02631579,0.3157895
Ovary-AdenoCA,SBS1,SBS2,SBS3,SBS5,SBS8,SBS13,SBS18,SBS26,SBS35,SBS39,SBS40,SBS41
Ovary-AdenoCA,1,0.4778761,0.9380531,0.9292035,0.02654867,0.4778761,0.1769912,0.008849558,0.008849558,0.008849558,0.300885,0.02654867
Skin-Melanoma,SBS1,SBS2,SBS5,SBS7a,SBS7b,SBS7c,SBS7d,SBS13,SBS17a,SBS17b,SBS38,SBS40
Skin-Melanoma,0.6603774,0.1415094,0.8584906,0.8301887,0.8301887,0.7735849,0.8301887,0.1226415,0.009433962,0.009433962,0.1415094,0.245283
Stomach-AdenoCA,SBS1,SBS2,SBS3,SBS5,SBS13,SBS15,SBS17a,SBS17b,SBS18,SBS20,SBS21,SBS26,SBS28,SBS40,SBS41,SBS44
Stomach-AdenoCA,1,0.4507042,0.1126761,0.971831,0.3380282,0.05633803,0.7042254,0.7042254,0.6197183,0.01408451,0.02816901,0.04225352,0.01408451,0.4084507,0.1408451,0.07042254
