Sample,ID1,ID2,ID4,ID5,ID8,ID9,ID13
Skin-Melanoma::MSI-H.S.1,16832.242110650517,15844.848295733012,0.0,0.0,0.0,0.0,0.0
