Sample,SBS1,SBS2,SBS3,SBS5,SBS13,SBS15,SBS17a,SBS17b,SBS18,SBS20,SBS21,SBS26,SBS28,SBS40,SBS41,SBS44
Stomach-AdenoCA::MSI-H.S.1,12205.83546541676,4402.9593141037785,0.0,140435.90217601554,0.0,19181.07392192756,0.0,0.0,0.0,10037.5799835376,0.0,0.0,0.0,0.0,0.0,21703.995532075543
Stomach-AdenoCA::MSI-H.S.2,7500.087722078361,0.0,0.0,20665.951023331523,0.0,68816.77563079781,0.0,2981.0624807887484,0.0,5139.976833253734,14492.24382110174,0.0,0.0,0.0,0.0,0.0
Stomach-AdenoCA::MSI-H.S.3,11373.960557958333,1794.0244604125605,0.0,13929.777862867923,0.0,68761.6271277495,0.0,0.0,0.0,5852.715434778166,0.0,18078.696446538324,0.0,0.0,0.0,14506.53261332075
Stomach-AdenoCA::MSI-H.S.4,33242.07268514994,0.0,0.0,35324.135487610976,0.0,0.0,0.0,4695.030923139634,0.0,0.0,6415.11803313268,0.0,0.0,0.0,0.0,16999.830438549565
Stomach-AdenoCA::MSI-H.S.5,10341.184150713012,0.0,0.0,103065.89970231696,0.0,67993.20415483188,0.0,0.0,0.0,0.0,0.0,11007.25983963613,0.0,0.0,0.0,0.0
Stomach-AdenoCA::MSI-H.S.6,8562.90673814784,0.0,0.0,160031.8861104669,0.0,85063.77121755935,0.0,0.0,0.0,0.0,0.0,0.0,0.0,0.0,0.0,0.0
Stomach-AdenoCA::MSI-H.S.7,9195.386802608664,0.0,0.0,0.0,0.0,0.0,3257.3090077473967,2963.4070589835737,0.0,3433.644933768767,0.0,2893.5792722611336,0.0,5491.417052634337,0.0,10215.827179138567
Stomach-AdenoCA::MSI-H.S.8,14704.483760675992,0.0,0.0,78005.01643730255,0.0,0.0,5812.1603719767745,0.0,0.0,0.0,0.0,0.0,0.0,0.0,0.0,39831.08392792615
Stomach-AdenoCA::MSI-H.S.9,10195.762344517898,0.0,0.0,53119.31941692298,0.0,0.0,0.0,2778.323209114331,0.0,40736.57963333226,63607.40772368206,11562.766630336111,0.0,0.0,0.0,37585.328146563756
