Sample,ID1,ID2,ID3,ID4,ID5,ID6,ID8,ID9,ID11
Kidney-RCC::MSI-H.S.1,3590.485381193845,9598.380930047855,0.0,0.0,184.80175421443775,13.623482137194044,0.0,61.10127291035005,0.0
