,ColoRect-AdenoCA::MSI-H.S.1,ColoRect-AdenoCA::MSI-H.S.2,ColoRect-AdenoCA::MSI-H.S.3,ColoRect-AdenoCA::MSI-H.S.4,ColoRect-AdenoCA::MSI-H.S.5,ColoRect-AdenoCA::MSI-H.S.6,ColoRect-AdenoCA::MSI-H.S.7,ColoRect-AdenoCA::MSI-H.S.8,ColoRect-AdenoCA::MSI-H.S.9,ColoRect-AdenoCA::MSI-H.S.10,ColoRect-AdenoCA::MSI-H.S.11,ColoRect-AdenoCA::MSI-H.S.12,ColoRect-AdenoCA::MSI-H.S.13,ColoRect-AdenoCA::MSI-H.S.14,ColoRect-AdenoCA::MSI-H.S.15
ID1,7888.931521016002,14870.706421983243,27386.57458960703,2817.176191674204,8307.370203118677,2515.532250272972,21779.04301834065,7855.478390972498,35767.81172870448,3524.1663501710786,46447.20689367316,11404.75686283569,21118.726067333475,6452.238090327619,71848.55529412812
ID2,28342.11320946078,17982.87804150225,39116.757427790355,57127.520534945164,82448.97154831426,127062.16948345384,8206.761206307507,22212.98449268395,62063.09012598286,79699.78270084731,219248.0017456377,34982.60596865347,63928.60701860658,34802.806353767286,75802.71212980543
ID5,0.0,0.0,0.0,0.0,0.0,0.0,0.0,0.0,0.0,0.0,0.0,0.0,0.0,0.0,0.0
ID14,0.0,0.0,0.0,0.0,0.0,0.0,0.0,0.0,0.0,0.0,0.0,0.0,0.0,0.0,0.0
