Sample,SBS1,SBS2,SBS5,SBS7a,SBS7b,SBS7c,SBS7d,SBS13,SBS17a,SBS17b,SBS38,SBS40
Skin-Melanoma::MSI-H.S.1,6444.082543450873,1511.5702989667263,13416.778440664772,95314.45428686122,15210.66568247553,8021.9169592115095,863.4388225498911,0.0,0.0,0.0,0.0,6723.661938818205
