Sample,DBS1,DBS6
Skin-Melanoma::MSI-H.S.1,2917.0532659608016,90.300900906591
Skin-Melanoma::MSI-H.S.2,672.9803642239582,0.0
