Sample,SBS1,SBS2,SBS3,SBS5,SBS13,SBS15,SBS17a,SBS17b,SBS18,SBS20,SBS21,SBS26,SBS28,SBS40,SBS41,SBS44
Stomach-AdenoCA::MSI-H.S.1,12301.994500162498,4502.286737901481,0.0,137103.25763499504,0.0,18485.559023168997,0.0,0.0,4810.311733511575,8769.611444522932,0.0,0.0,0.0,0.0,0.0,23424.449141813013
Stomach-AdenoCA::MSI-H.S.2,7778.511829300117,0.0,0.0,15769.13247810099,0.0,67778.24415402925,0.0,3018.4669919968596,0.0,3368.7697388252523,13195.893860056798,2653.8972410537203,0.0,0.0,0.0,4983.03452863583
Stomach-AdenoCA::MSI-H.S.3,11406.774248451084,1827.4369083553647,0.0,11451.969603085841,0.0,68513.05124190923,0.0,0.0,2109.129062973433,5477.085536184359,1573.6768412310782,16774.908594859146,0.0,0.0,2291.824767394374,14577.549096471093
Stomach-AdenoCA::MSI-H.S.4,32906.23959649688,514.0973949905188,0.0,24484.532177344627,0.0,1951.4709603077506,0.0,4542.182648539714,0.0,0.0,4674.819596176216,5510.384290699763,0.0,6137.424620675599,0.0,16310.981466047044
Stomach-AdenoCA::MSI-H.S.5,10336.48251548805,0.0,0.0,100754.14828830995,0.0,67985.45382216049,2057.331587153939,0.0,0.0,0.0,0.0,9155.695796866437,0.0,0.0,4032.8693706530757,0.0
Stomach-AdenoCA::MSI-H.S.6,9310.569192038769,0.0,0.0,146503.9292297277,0.0,82641.14998619395,0.0,0.0,0.0,0.0,0.0,5732.685917248407,0.0,0.0,0.0,8414.563742598113
Stomach-AdenoCA::MSI-H.S.7,9098.174822049046,121.19737465570186,0.0,3028.4186936922733,0.0,0.0,3318.516433798904,3003.6022161415153,0.0,3641.320106659368,0.0,2294.863500296133,0.0,3136.5511884454463,0.0,9800.73106012516
Stomach-AdenoCA::MSI-H.S.8,14152.915361203977,536.9696214739566,0.0,77321.82166066133,0.0,1623.4712742701208,5873.079412747351,0.0,0.0,0.0,0.0,0.0,0.0,0.0,0.0,38860.32323225645
Stomach-AdenoCA::MSI-H.S.9,10174.289468046738,0.0,0.0,54189.180661500184,0.0,0.0,2164.7541883864315,2735.3810626669906,0.0,40615.065997634185,64703.87072482485,8391.75445678768,0.0,0.0,0.0,37689.0510200656
