Sample,SBS1,SBS2,SBS3,SBS5,SBS13,SBS15,SBS17a,SBS17b,SBS18,SBS20,SBS21,SBS26,SBS28,SBS40,SBS41,SBS44
Stomach-AdenoCA::MSI-H.S.1,12412.936102498144,0.0,0.0,30298.88252257722,0.0,13620.52734172489,1727.8847737458138,0.0,0.0,1480.3440306115276,0.0,20308.826672539493,0.0,0.0,0.0,29989.003288832755
Stomach-AdenoCA::MSI-H.S.2,27153.13913612036,0.0,0.0,27068.879761490312,0.0,0.0,399.5904701475897,0.0,0.0,0.0,1567.7867432412256,0.0,0.0,0.0,0.0,17015.394416171875
Stomach-AdenoCA::MSI-H.S.3,6230.364675019151,0.0,0.0,28868.204097245023,0.0,0.0,0.0,0.0,0.0,17547.205364154754,0.0,4979.151129638212,0.0,0.0,1221.902499943855,29395.428295661797
Stomach-AdenoCA::MSI-H.S.4,6606.416472022045,0.0,0.0,19107.93702513295,0.0,16464.54054468795,1104.3286195731148,4688.442978407066,2261.747966691758,0.0,2362.1608454887896,21803.44990305795,0.0,0.0,0.0,18077.494162137657
Stomach-AdenoCA::MSI-H.S.5,9054.74480157594,0.0,0.0,148377.0992622878,0.0,18268.492729435315,0.0,664.6190867724043,0.0,1923.651029275431,2087.328772968028,6082.526212311305,0.0,0.0,0.0,25275.301319177946
Stomach-AdenoCA::MSI-H.S.6,9718.00352342022,0.0,0.0,157809.88628956463,0.0,0.0,2494.7592781679555,9460.56726889313,0.0,6807.091596845463,0.0,0.0,1102.0689478157035,0.0,5006.396304677696,19943.992869744885
Stomach-AdenoCA::MSI-H.S.7,5661.813999532816,0.0,0.0,121824.10827930154,0.0,0.0,5467.1311055500255,9210.880130411602,0.0,0.0,13427.993912073363,11117.923037072473,0.0,0.0,10149.158675783116,26086.380007877415
Stomach-AdenoCA::MSI-H.S.8,16144.264205511172,0.0,5036.728526212432,0.0,0.0,18832.938834200177,0.0,0.0,0.0,57987.43460062413,42102.69595652286,12510.20155131165,0.0,0.0,0.0,59833.77316765727
Stomach-AdenoCA::MSI-H.S.9,9075.277992449921,794.2368578785477,3098.769760650555,25197.877718236647,0.0,13075.062396017567,0.0,0.0,3192.8460176494086,1919.5680435850475,1349.1448716152186,0.0,0.0,0.0,851.749390518627,21409.986827528843
