Breast-AdenoCA,DBS2,DBS4,DBS6,DBS9,DBS11
Breast-AdenoCA,1,0.9411765,0.9411765,0.8823529,0.5882353
ColoRect-AdenoCA,DBS2,DBS3,DBS4,DBS6,DBS7,DBS8,DBS9,DBS10
ColoRect-AdenoCA,0.6,0.55,0.65,0.35,0.45,0.1,0.55,0.25
Eso-AdenoCA,DBS2,DBS3,DBS4,DBS5,DBS6,DBS7,DBS8,DBS9,DBS11
Eso-AdenoCA,0.9705882,0.1176471,0.9705882,0.08823529,0.8823529,0.5294118,0.6470588,0.7647059,0.7941176
Kidney-RCC,DBS2,DBS4,DBS6,DBS7,DBS9,DBS11
Kidney-RCC,1,0.7142857,0.04761905,0.1904762,0.7619048,0.02380952
Liver-HCC,DBS2,DBS4,DBS5,DBS9
Liver-HCC,1,0.6529412,0.1,0.005882353
Lung-AdenoCA,DBS2,DBS4,DBS5,DBS6,DBS11
Lung-AdenoCA,1,0.1304348,0.08695652,0.173913,0.08695652
Ovary-AdenoCA,DBS2,DBS4,DBS5,DBS6,DBS9
Ovary-AdenoCA,1,0.7586207,0.4137931,0.3793103,0.2068966
Skin-Melanoma,DBS1,DBS6
Skin-Melanoma,1,0.01219512
Stomach-AdenoCA,DBS2,DBS3,DBS4,DBS5,DBS7,DBS9,DBS10
Stomach-AdenoCA,0.9333333,0.2666667,0.9333333,0.06666667,0.7333333,0.2,0.1333333
