Sample,SBS1,SBS2,SBS3,SBS5,SBS8,SBS13,SBS18,SBS26,SBS35,SBS39,SBS40,SBS41
Ovary-AdenoCA::MSI-H.S.1,1148.4929031829288,0.0,0.0,0.0,0.0,0.0,0.0,49355.448091545986,0.0,0.0,5127.374459003267,10922.592989192473
