Sample,SBS1,SBS4,SBS5,SBS6,SBS9,SBS12,SBS14,SBS16,SBS17a,SBS17b,SBS18,SBS19,SBS22,SBS24,SBS26,SBS29,SBS30,SBS31,SBS35,SBS40
Liver-HCC::MSI-H.S.1,506.9207694909493,88.28973470956181,9641.735008678726,10150.376858238786,317.5226538889065,64.44725026573934,2690.1828687453994,762.3542822005511,87.50252677533231,0.0,614.1708314248567,0.0,0.0,0.0,5020.5074035985635,0.0,0.0,0.0,0.0,0.0
