Sample,DBS1,DBS6
Skin-Melanoma::MSI-H.S.1,2917.0532651953436,90.30092644216913
Skin-Melanoma::MSI-H.S.2,672.9803640350153,0.0
