Sample,SBS1,SBS4,SBS5,SBS6,SBS9,SBS12,SBS14,SBS16,SBS17a,SBS17b,SBS18,SBS19,SBS22a,SBS24,SBS26,SBS29,SBS30,SBS31,SBS35,SBS40
Liver-HCC::MSI-H.S.36,85.65251797884919,0.0,4757.2279981863,0.0,0.0,0.0,1495.4086902430106,0.0,44.306728502753245,32.613485548464354,0.0,0.0,0.0,0.0,346.5848525868489,0.0,228.56857925930137,0.0,88.42602001960361,0.0
Liver-HCC::MSI-H.S.51,0.0,343.4310956353171,7103.218351892375,78.704957411692,0.0,1308.368178525966,881.1510695046757,514.2376886210966,97.52970639193055,0.0,0.0,0.0,0.0,477.4865449949806,0.0,336.40140978165454,161.01300558237236,0.0,0.0,0.0
Liver-HCC::MSI-H.S.1,1816.4509322331014,0.0,9476.237216610134,10782.72400801184,0.0,0.0,2487.6155043614663,967.8251803101649,0.0,0.0,0.0,0.0,0.0,448.97002287828553,8340.496739368158,0.0,1642.2426742721645,0.0,0.0,0.0
