Sample,DBS2,DBS4,DBS6,DBS7,DBS9,DBS11
Kidney-RCC::MSI-H.S.1,131.77843616951378,0.0,0.0,0.0,0.0,0.0
Kidney-RCC::MSI-H.S.2,24.94575438293391,0.0,0.0,0.03367022890628658,0.0,0.9366519068668024
Kidney-RCC::MSI-H.S.3,0.7315050541670813,0.16487173099231583,0.036705419472582546,0.0,1.1664988795327154,0.8713020897454169
