Sample,ID1,ID2,ID3,ID4,ID5,ID6,ID8,ID9,ID11
Kidney-RCC::MSI-H.S.1,3590.4853799750003,9598.380931560241,0.0,0.0,184.80174690358012,13.62348214768191,0.0,61.10127128851051,0.0
