"","Tool","m.Combined","med.Combined","sd.Combined","m.F1","med.F1","sd.F1","m.SMD","med.SMD","sd.SMD","m.sens","med.sens","sd.sens","m.prec","med.prec","sd.prec"
"1","pasa",2.81641545594732,2.90821512922295,0.191283761959396,0.948293373293373,1,0.0867540554541771,0.0945792530473852,0.0739905121799106,0.0775553418442756,0.920291005291005,1,0.132161748168676,0.990703703703704,1,0.0522453318384619
"2","fitms_v2.4.5",2.73003582277439,2.8359139626033,0.258423938019258,0.904224041390708,1,0.128579150208496,0.11078163754307,0.0881746411226163,0.0863315795287765,0.865780423280423,1,0.182511458581505,0.975037037037037,1,0.0807688374502429
"3","fitms",2.73003582272464,2.83591396260329,0.258423937932103,0.904224041390708,1,0.128579150208496,0.110781637592823,0.0881746411226199,0.0863315794604527,0.865780423280423,1,0.182511458581505,0.975037037037037,1,0.0807688374502429
"4","mp",2.59962443234889,2.6388379768866,0.328679945615539,0.875267010767011,0.888888888888889,0.142841806115963,0.194132181407724,0.153654345206271,0.151108392058185,0.832121693121693,1,0.199069411912912,0.961634920634921,1,0.100978555942337
"5","msa_opt",2.5418541953469,2.56009200917382,0.283642455656446,0.839531653531653,0.857142857142857,0.128103620690304,0.192145363735988,0.160245056687576,0.148010592954485,0.967021164021164,1,0.0942241716470173,0.766978395061728,0.775,0.183817798991641
"6","msa",2.53112111671179,2.5482173848246,0.282644557228056,0.832513936680603,0.833333333333333,0.128696164143926,0.192925179584502,0.159553355875765,0.147954101605449,0.973285714285714,1,0.0848694779494627,0.750760582010582,0.75,0.183254904971371
"7","sigpro",2.46216658594907,2.4778788233669,0.421779657691511,0.810197771364438,0.857142857142857,0.178099063456924,0.24604769976522,0.199306974236749,0.202610657126687,0.720455026455026,0.75,0.236445253897286,0.987759259259259,1,0.0699186724582108
"8","sigpro_v0.1.7",2.46216658594907,2.4778788233669,0.421779657691511,0.810197771364438,0.857142857142857,0.178099063456924,0.24604769976522,0.199306974236749,0.202610657126687,0.720455026455026,0.75,0.236445253897286,0.987759259259259,1,0.0699186724582108
