"","Tool","m.Combined","med.Combined","sd.Combined","m.F1","med.F1","sd.F1","m.SMD","med.SMD","sd.SMD","m.sens","med.sens","sd.sens","m.prec","med.prec","sd.prec"
"1","pasa",2.78043793629042,2.91792050303166,0.289710404416409,0.939380354213688,1,0.10666941653481,0.118155979053495,0.0725877270012996,0.144486460518242,0.920260582010582,1,0.142380104471165,0.978333333333333,1,0.0961966762372552
"2","fitms",2.74259801007891,2.88040031347191,0.293775855406602,0.921561130227797,1,0.122778275086484,0.127986646005747,0.0918151304175761,0.140380127618337,0.904820105820106,1,0.161208700380736,0.96576455026455,1,0.112524943386959
"3","mp",2.52922108654421,2.62432226882948,0.389749706370939,0.887876167042834,1,0.149002514366249,0.289751135678009,0.245732246809136,0.215166216856612,0.869583333333333,1,0.192282041731541,0.949388888888889,1,0.139046083258278
"4","msa_opt",2.42282927016911,2.44041062622768,0.373754062441412,0.820741851830087,0.857142857142857,0.168780406444975,0.298786250113073,0.256709662516504,0.210645927964926,0.967343915343915,1,0.106777991728011,0.754271604938272,0.75,0.232900798960651
"5","msa",2.39394443980933,2.41996343005312,0.38328880791913,0.801691587279823,0.833333333333333,0.178241966994092,0.303189598991372,0.257870907082236,0.215580315687957,0.975862433862434,1,0.087656576816717,0.721271604938272,0.75,0.241523214536603
"6","sigpro",2.38240380489334,2.4140508862207,0.551912346322464,0.799648067981401,0.8,0.197390268032656,0.324145136905602,0.25,0.318953252460475,0.711271164021164,0.666666666666667,0.264668310884735,0.995277777777778,1,0.0456782271172975
