"tool","total_cpu_seconds"
"pasa",29810.326
"fitms_0.01",21.7710000000021
"fitms_0.06",25.3539999999971
"fitms_0.03",25.2389999999994
"mp",23.187
"yapsa_0.06",9.04400000000002
"yapsa_0.03",9.00099999999996
"yapsa_0.10",9.04499999999999
"yapsa_0.01",9.04600000000003
"sigpro",313.284
"yapsa_0.00",8.502
"deconstruct_0.03",29.163
"deconstruct_0.00",27.079
"deconstruct_0.06",27.149
"deconstruct_0.10",26.641
"sigest",8.43800000000003
