"","Tool","m.Combined","med.Combined","sd.Combined","m.F1","med.F1","sd.F1","m.SMD","med.SMD","sd.SMD","m.sens","med.sens","sd.sens","m.prec","med.prec","sd.prec"
"1","pasa",2.64849174846105,2.69213303199269,0.30414397451088,0.867310547477214,0.888888888888889,0.135575609962032,0.133930650128015,0.0861269198558705,0.137361593456129,0.796517636684303,0.8,0.192977612520468,0.985904761904762,1,0.0652264468380921
"2","sigpro",2.54407160325393,2.62749943776453,0.381285838394349,0.850348947348947,0.888888888888889,0.154969688212855,0.212913405564414,0.142741131160841,0.20384402222361,0.783355379188713,0.8,0.210207168298854,0.97362962962963,1,0.0916062523056516
"3","fitms",2.55794978112837,2.58637483763979,0.314465648454634,0.806858456358456,0.833333333333333,0.163120228070691,0.130109742681154,0.100953356809063,0.103238827381734,0.721940476190476,0.75,0.213327603443863,0.966119047619048,1,0.104542739066087
"4","msa_opt",2.51346786416056,2.58485831948648,0.381453189224726,0.814610691777358,0.857142857142857,0.177917890795438,0.188215757773059,0.139382141801504,0.16654658983519,0.749608465608466,0.75,0.231531189589284,0.952075156325156,1,0.118359055692722
"5","mp",2.47336500687384,2.52677912539245,0.387379976959266,0.796700870117537,0.833333333333333,0.181893467286481,0.201453776194943,0.157311959079671,0.169971152597602,0.737829365079365,0.75,0.240268480060221,0.936989417989418,1,0.13049096395897
"6","msa",2.41925474126673,2.45465050835263,0.332659492159671,0.782829964334866,0.8,0.149110749612455,0.217243214481225,0.181595480982037,0.157509014163046,0.916807760141093,1,0.151161584534479,0.719690195606862,0.732142857142857,0.196327615935946
