Sample,SBS1,SBS2,SBS4,SBS5,SBS12,SBS13,SBS18,SBS21,SBS22a,SBS22b,SBS40a,SBS40b,SBS40c,SBS44
Kidney-RCC::MSI-H.S.1,1256.0372147873982,0.0,0.0,424.38891299469475,1358.483020530785,0.0,0.0,718.6016639305589,0.0,0.0,2113.740386623906,5354.799528983045,0.0,5545.09278746135
