Error in library(SynSigGen) : there is no package called ‘SynSigGen’
Calls: source -> withVisible -> eval -> eval -> library
Execution halted
Using GitHub PAT from the git credential store.
Downloading GitHub repo steverozen/SynSigGen@HEAD
Downloading GitHub repo steverozen/ICAMS@v4.0.0
Installing 5 packages: Rhtslib, GenomicAlignments, Rsamtools, rtracklayer, BSgenome
trying URL 'https://bioconductor.org/packages/3.18/bioc/src/contrib/Rhtslib_2.4.1.tar.gz'
Content type 'application/gzip' length 4581411 bytes (4.4 MB)
==================================================
downloaded 4.4 MB

trying URL 'https://bioconductor.org/packages/3.18/bioc/src/contrib/GenomicAlignments_1.38.2.tar.gz'
Content type 'application/gzip' length 2265818 bytes (2.2 MB)
==================================================
downloaded 2.2 MB

trying URL 'https://bioconductor.org/packages/3.18/bioc/src/contrib/Rsamtools_2.18.0.tar.gz'
Content type 'application/gzip' length 2918523 bytes (2.8 MB)
==================================================
downloaded 2.8 MB

trying URL 'https://bioconductor.org/packages/3.18/bioc/src/contrib/rtracklayer_1.62.0.tar.gz'
Content type 'application/gzip' length 4019225 bytes (3.8 MB)
==================================================
downloaded 3.8 MB

trying URL 'https://bioconductor.org/packages/3.18/bioc/src/contrib/BSgenome_1.70.2.tar.gz'
Content type 'application/gzip' length 5909171 bytes (5.6 MB)
==================================================
downloaded 5.6 MB

* installing *source* package ‘Rhtslib’ ...
** using non-staged installation via StagedInstall field
** libs
using C compiler: ‘gcc (GCC) 11.5.0 20240719 (Red Hat 11.5.0-5)’
cd "htslib-1.15.1" && make -f "Makefile.Rhtslib"
make[1]: Entering directory '/tmp/RtmpErCQvh/R.INSTALL8188b2f4751af/Rhtslib/src/htslib-1.15.1'
/usr/bin/gcc -march=nocona -mtune=haswell -ftree-vectorize -fPIC -fstack-protector-strong -fno-plt -O2 -ffunction-sections -pipe -isystem /hpc/group/rozenlab/sr110/miniforge3/envs/R/include -fdebug-prefix-map=/home/conda/feedstock_root/build_artifacts/r-base-split_1732138515749/work=/usr/local/src/conda/r-base-4.4.2 -fdebug-prefix-map=/hpc/group/rozenlab/sr110/miniforge3/envs/R=/usr/local/src/conda-prefix -fpic -fvisibility=hidden -I. -DNDEBUG -D_FORTIFY_SOURCE=2 -O2 -isystem /hpc/group/rozenlab/sr110/miniforge3/envs/R/include -I/hpc/group/rozenlab/sr110/miniforge3/envs/R/include -Wl,-rpath-link,/hpc/group/rozenlab/sr110/miniforge3/envs/R/lib -D_FILE_OFFSET_BITS=64 -c -o kfunc.o kfunc.c
/usr/bin/gcc -march=nocona -mtune=haswell -ftree-vectorize -fPIC -fstack-protector-strong -fno-plt -O2 -ffunction-sections -pipe -isystem /hpc/group/rozenlab/sr110/miniforge3/envs/R/include -fdebug-prefix-map=/home/conda/feedstock_root/build_artifacts/r-base-split_1732138515749/work=/usr/local/src/conda/r-base-4.4.2 -fdebug-prefix-map=/hpc/group/rozenlab/sr110/miniforge3/envs/R=/usr/local/src/conda-prefix -fpic -fvisibility=hidden -I. -DNDEBUG -D_FORTIFY_SOURCE=2 -O2 -isystem /hpc/group/rozenlab/sr110/miniforge3/envs/R/include -I/hpc/group/rozenlab/sr110/miniforge3/envs/R/include -Wl,-rpath-link,/hpc/group/rozenlab/sr110/miniforge3/envs/R/lib -D_FILE_OFFSET_BITS=64 -c -o kstring.o kstring.c
/usr/bin/gcc -march=nocona -mtune=haswell -ftree-vectorize -fPIC -fstack-protector-strong -fno-plt -O2 -ffunction-sections -pipe -isystem /hpc/group/rozenlab/sr110/miniforge3/envs/R/include -fdebug-prefix-map=/home/conda/feedstock_root/build_artifacts/r-base-split_1732138515749/work=/usr/local/src/conda/r-base-4.4.2 -fdebug-prefix-map=/hpc/group/rozenlab/sr110/miniforge3/envs/R=/usr/local/src/conda-prefix -fpic -fvisibility=hidden -I. -DNDEBUG -D_FORTIFY_SOURCE=2 -O2 -isystem /hpc/group/rozenlab/sr110/miniforge3/envs/R/include -I/hpc/group/rozenlab/sr110/miniforge3/envs/R/include -Wl,-rpath-link,/hpc/group/rozenlab/sr110/miniforge3/envs/R/lib -D_FILE_OFFSET_BITS=64 -c -o bcf_sr_sort.o bcf_sr_sort.c
/usr/bin/gcc -march=nocona -mtune=haswell -ftree-vectorize -fPIC -fstack-protector-strong -fno-plt -O2 -ffunction-sections -pipe -isystem /hpc/group/rozenlab/sr110/miniforge3/envs/R/include -fdebug-prefix-map=/home/conda/feedstock_root/build_artifacts/r-base-split_1732138515749/work=/usr/local/src/conda/r-base-4.4.2 -fdebug-prefix-map=/hpc/group/rozenlab/sr110/miniforge3/envs/R=/usr/local/src/conda-prefix -fpic -fvisibility=hidden -I. -DNDEBUG -D_FORTIFY_SOURCE=2 -O2 -isystem /hpc/group/rozenlab/sr110/miniforge3/envs/R/include -I/hpc/group/rozenlab/sr110/miniforge3/envs/R/include -Wl,-rpath-link,/hpc/group/rozenlab/sr110/miniforge3/envs/R/lib -D_FILE_OFFSET_BITS=64 -c -o bgzf.o bgzf.c
/usr/bin/gcc -march=nocona -mtune=haswell -ftree-vectorize -fPIC -fstack-protector-strong -fno-plt -O2 -ffunction-sections -pipe -isystem /hpc/group/rozenlab/sr110/miniforge3/envs/R/include -fdebug-prefix-map=/home/conda/feedstock_root/build_artifacts/r-base-split_1732138515749/work=/usr/local/src/conda/r-base-4.4.2 -fdebug-prefix-map=/hpc/group/rozenlab/sr110/miniforge3/envs/R=/usr/local/src/conda-prefix -fpic -fvisibility=hidden -I. -DNDEBUG -D_FORTIFY_SOURCE=2 -O2 -isystem /hpc/group/rozenlab/sr110/miniforge3/envs/R/include -I/hpc/group/rozenlab/sr110/miniforge3/envs/R/include -Wl,-rpath-link,/hpc/group/rozenlab/sr110/miniforge3/envs/R/lib -D_FILE_OFFSET_BITS=64 -c -o errmod.o errmod.c
/usr/bin/gcc -march=nocona -mtune=haswell -ftree-vectorize -fPIC -fstack-protector-strong -fno-plt -O2 -ffunction-sections -pipe -isystem /hpc/group/rozenlab/sr110/miniforge3/envs/R/include -fdebug-prefix-map=/home/conda/feedstock_root/build_artifacts/r-base-split_1732138515749/work=/usr/local/src/conda/r-base-4.4.2 -fdebug-prefix-map=/hpc/group/rozenlab/sr110/miniforge3/envs/R=/usr/local/src/conda-prefix -fpic -fvisibility=hidden -I. -DNDEBUG -D_FORTIFY_SOURCE=2 -O2 -isystem /hpc/group/rozenlab/sr110/miniforge3/envs/R/include -I/hpc/group/rozenlab/sr110/miniforge3/envs/R/include -Wl,-rpath-link,/hpc/group/rozenlab/sr110/miniforge3/envs/R/lib -D_FILE_OFFSET_BITS=64 -c -o faidx.o faidx.c
/usr/bin/gcc -march=nocona -mtune=haswell -ftree-vectorize -fPIC -fstack-protector-strong -fno-plt -O2 -ffunction-sections -pipe -isystem /hpc/group/rozenlab/sr110/miniforge3/envs/R/include -fdebug-prefix-map=/home/conda/feedstock_root/build_artifacts/r-base-split_1732138515749/work=/usr/local/src/conda/r-base-4.4.2 -fdebug-prefix-map=/hpc/group/rozenlab/sr110/miniforge3/envs/R=/usr/local/src/conda-prefix -fpic -fvisibility=hidden -I. -DNDEBUG -D_FORTIFY_SOURCE=2 -O2 -isystem /hpc/group/rozenlab/sr110/miniforge3/envs/R/include -I/hpc/group/rozenlab/sr110/miniforge3/envs/R/include -Wl,-rpath-link,/hpc/group/rozenlab/sr110/miniforge3/envs/R/lib -D_FILE_OFFSET_BITS=64 -c -o header.o header.c
/usr/bin/gcc -march=nocona -mtune=haswell -ftree-vectorize -fPIC -fstack-protector-strong -fno-plt -O2 -ffunction-sections -pipe -isystem /hpc/group/rozenlab/sr110/miniforge3/envs/R/include -fdebug-prefix-map=/home/conda/feedstock_root/build_artifacts/r-base-split_1732138515749/work=/usr/local/src/conda/r-base-4.4.2 -fdebug-prefix-map=/hpc/group/rozenlab/sr110/miniforge3/envs/R=/usr/local/src/conda-prefix -fpic -fvisibility=hidden -I. -DNDEBUG -D_FORTIFY_SOURCE=2 -O2 -isystem /hpc/group/rozenlab/sr110/miniforge3/envs/R/include -I/hpc/group/rozenlab/sr110/miniforge3/envs/R/include -Wl,-rpath-link,/hpc/group/rozenlab/sr110/miniforge3/envs/R/lib -D_FILE_OFFSET_BITS=64 -c -o hfile.o hfile.c
echo '#define HTS_VERSION_TEXT "1.15.1"' > version.h
echo '#define HTS_CC "/usr/bin/gcc"' > config_vars.h
echo '#define HTS_CPPFLAGS "-DNDEBUG -D_FORTIFY_SOURCE=2 -O2 -isystem /hpc/group/rozenlab/sr110/miniforge3/envs/R/include -I/hpc/group/rozenlab/sr110/miniforge3/envs/R/include -Wl,-rpath-link,/hpc/group/rozenlab/sr110/miniforge3/envs/R/lib -D_FILE_OFFSET_BITS=64"' >> config_vars.h
echo '#define HTS_CFLAGS "-march=nocona -mtune=haswell -ftree-vectorize -fPIC -fstack-protector-strong -fno-plt -O2 -ffunction-sections -pipe -isystem /hpc/group/rozenlab/sr110/miniforge3/envs/R/include -fdebug-prefix-map=/home/conda/feedstock_root/build_artifacts/r-base-split_1732138515749/work=/usr/local/src/conda/r-base-4.4.2 -fdebug-prefix-map=/hpc/group/rozenlab/sr110/miniforge3/envs/R=/usr/local/src/conda-prefix -fpic -fvisibility=hidden"' >> config_vars.h
echo '#define HTS_LDFLAGS "-Wl,-O2 -Wl,--sort-common -Wl,--as-needed -Wl,-z,relro -Wl,-z,now -Wl,--disable-new-dtags -Wl,--gc-sections -Wl,--allow-shlib-undefined -Wl,-rpath,/hpc/group/rozenlab/sr110/miniforge3/envs/R/lib -Wl,-rpath-link,/hpc/group/rozenlab/sr110/miniforge3/envs/R/lib -L/hpc/group/rozenlab/sr110/miniforge3/envs/R/lib -fvisibility=hidden"' >> config_vars.h
echo '#define HTS_LIBS "-lz -lm -lbz2 -llzma -lcurl"' >> config_vars.h
/usr/bin/gcc -march=nocona -mtune=haswell -ftree-vectorize -fPIC -fstack-protector-strong -fno-plt -O2 -ffunction-sections -pipe -isystem /hpc/group/rozenlab/sr110/miniforge3/envs/R/include -fdebug-prefix-map=/home/conda/feedstock_root/build_artifacts/r-base-split_1732138515749/work=/usr/local/src/conda/r-base-4.4.2 -fdebug-prefix-map=/hpc/group/rozenlab/sr110/miniforge3/envs/R=/usr/local/src/conda-prefix -fpic -fvisibility=hidden -I. -DNDEBUG -D_FORTIFY_SOURCE=2 -O2 -isystem /hpc/group/rozenlab/sr110/miniforge3/envs/R/include -I/hpc/group/rozenlab/sr110/miniforge3/envs/R/include -Wl,-rpath-link,/hpc/group/rozenlab/sr110/miniforge3/envs/R/lib -D_FILE_OFFSET_BITS=64 -c -o hts.o hts.c
/usr/bin/gcc -march=nocona -mtune=haswell -ftree-vectorize -fPIC -fstack-protector-strong -fno-plt -O2 -ffunction-sections -pipe -isystem /hpc/group/rozenlab/sr110/miniforge3/envs/R/include -fdebug-prefix-map=/home/conda/feedstock_root/build_artifacts/r-base-split_1732138515749/work=/usr/local/src/conda/r-base-4.4.2 -fdebug-prefix-map=/hpc/group/rozenlab/sr110/miniforge3/envs/R=/usr/local/src/conda-prefix -fpic -fvisibility=hidden -I. -DNDEBUG -D_FORTIFY_SOURCE=2 -O2 -isystem /hpc/group/rozenlab/sr110/miniforge3/envs/R/include -I/hpc/group/rozenlab/sr110/miniforge3/envs/R/include -Wl,-rpath-link,/hpc/group/rozenlab/sr110/miniforge3/envs/R/lib -D_FILE_OFFSET_BITS=64 -c -o hts_expr.o hts_expr.c
/usr/bin/gcc -march=nocona -mtune=haswell -ftree-vectorize -fPIC -fstack-protector-strong -fno-plt -O2 -ffunction-sections -pipe -isystem /hpc/group/rozenlab/sr110/miniforge3/envs/R/include -fdebug-prefix-map=/home/conda/feedstock_root/build_artifacts/r-base-split_1732138515749/work=/usr/local/src/conda/r-base-4.4.2 -fdebug-prefix-map=/hpc/group/rozenlab/sr110/miniforge3/envs/R=/usr/local/src/conda-prefix -fpic -fvisibility=hidden -I. -DNDEBUG -D_FORTIFY_SOURCE=2 -O2 -isystem /hpc/group/rozenlab/sr110/miniforge3/envs/R/include -I/hpc/group/rozenlab/sr110/miniforge3/envs/R/include -Wl,-rpath-link,/hpc/group/rozenlab/sr110/miniforge3/envs/R/lib -D_FILE_OFFSET_BITS=64 -c -o hts_os.o hts_os.c
/usr/bin/gcc -march=nocona -mtune=haswell -ftree-vectorize -fPIC -fstack-protector-strong -fno-plt -O2 -ffunction-sections -pipe -isystem /hpc/group/rozenlab/sr110/miniforge3/envs/R/include -fdebug-prefix-map=/home/conda/feedstock_root/build_artifacts/r-base-split_1732138515749/work=/usr/local/src/conda/r-base-4.4.2 -fdebug-prefix-map=/hpc/group/rozenlab/sr110/miniforge3/envs/R=/usr/local/src/conda-prefix -fpic -fvisibility=hidden -I. -DNDEBUG -D_FORTIFY_SOURCE=2 -O2 -isystem /hpc/group/rozenlab/sr110/miniforge3/envs/R/include -I/hpc/group/rozenlab/sr110/miniforge3/envs/R/include -Wl,-rpath-link,/hpc/group/rozenlab/sr110/miniforge3/envs/R/lib -D_FILE_OFFSET_BITS=64 -c -o md5.o md5.c
/usr/bin/gcc -march=nocona -mtune=haswell -ftree-vectorize -fPIC -fstack-protector-strong -fno-plt -O2 -ffunction-sections -pipe -isystem /hpc/group/rozenlab/sr110/miniforge3/envs/R/include -fdebug-prefix-map=/home/conda/feedstock_root/build_artifacts/r-base-split_1732138515749/work=/usr/local/src/conda/r-base-4.4.2 -fdebug-prefix-map=/hpc/group/rozenlab/sr110/miniforge3/envs/R=/usr/local/src/conda-prefix -fpic -fvisibility=hidden -I. -DNDEBUG -D_FORTIFY_SOURCE=2 -O2 -isystem /hpc/group/rozenlab/sr110/miniforge3/envs/R/include -I/hpc/group/rozenlab/sr110/miniforge3/envs/R/include -Wl,-rpath-link,/hpc/group/rozenlab/sr110/miniforge3/envs/R/lib -D_FILE_OFFSET_BITS=64 -c -o multipart.o multipart.c
/usr/bin/gcc -march=nocona -mtune=haswell -ftree-vectorize -fPIC -fstack-protector-strong -fno-plt -O2 -ffunction-sections -pipe -isystem /hpc/group/rozenlab/sr110/miniforge3/envs/R/include -fdebug-prefix-map=/home/conda/feedstock_root/build_artifacts/r-base-split_1732138515749/work=/usr/local/src/conda/r-base-4.4.2 -fdebug-prefix-map=/hpc/group/rozenlab/sr110/miniforge3/envs/R=/usr/local/src/conda-prefix -fpic -fvisibility=hidden -I. -DNDEBUG -D_FORTIFY_SOURCE=2 -O2 -isystem /hpc/group/rozenlab/sr110/miniforge3/envs/R/include -I/hpc/group/rozenlab/sr110/miniforge3/envs/R/include -Wl,-rpath-link,/hpc/group/rozenlab/sr110/miniforge3/envs/R/lib -D_FILE_OFFSET_BITS=64 -c -o probaln.o probaln.c
/usr/bin/gcc -march=nocona -mtune=haswell -ftree-vectorize -fPIC -fstack-protector-strong -fno-plt -O2 -ffunction-sections -pipe -isystem /hpc/group/rozenlab/sr110/miniforge3/envs/R/include -fdebug-prefix-map=/home/conda/feedstock_root/build_artifacts/r-base-split_1732138515749/work=/usr/local/src/conda/r-base-4.4.2 -fdebug-prefix-map=/hpc/group/rozenlab/sr110/miniforge3/envs/R=/usr/local/src/conda-prefix -fpic -fvisibility=hidden -I. -DNDEBUG -D_FORTIFY_SOURCE=2 -O2 -isystem /hpc/group/rozenlab/sr110/miniforge3/envs/R/include -I/hpc/group/rozenlab/sr110/miniforge3/envs/R/include -Wl,-rpath-link,/hpc/group/rozenlab/sr110/miniforge3/envs/R/lib -D_FILE_OFFSET_BITS=64 -c -o realn.o realn.c
realn.c: In function ‘sam_prob_realn’:
realn.c:174:23: warning: writing 1 byte into a region of size 0 [-Wstringop-overflow=]
  174 |             *(zq - 3) = 'B';
      |             ~~~~~~~~~~^~~~~
realn.c:170:23: warning: writing 1 byte into a region of size 0 [-Wstringop-overflow=]
  170 |             *(bq - 3) = 'Z';
      |             ~~~~~~~~~~^~~~~
/usr/bin/gcc -march=nocona -mtune=haswell -ftree-vectorize -fPIC -fstack-protector-strong -fno-plt -O2 -ffunction-sections -pipe -isystem /hpc/group/rozenlab/sr110/miniforge3/envs/R/include -fdebug-prefix-map=/home/conda/feedstock_root/build_artifacts/r-base-split_1732138515749/work=/usr/local/src/conda/r-base-4.4.2 -fdebug-prefix-map=/hpc/group/rozenlab/sr110/miniforge3/envs/R=/usr/local/src/conda-prefix -fpic -fvisibility=hidden -I. -DNDEBUG -D_FORTIFY_SOURCE=2 -O2 -isystem /hpc/group/rozenlab/sr110/miniforge3/envs/R/include -I/hpc/group/rozenlab/sr110/miniforge3/envs/R/include -Wl,-rpath-link,/hpc/group/rozenlab/sr110/miniforge3/envs/R/lib -D_FILE_OFFSET_BITS=64 -c -o regidx.o regidx.c
/usr/bin/gcc -march=nocona -mtune=haswell -ftree-vectorize -fPIC -fstack-protector-strong -fno-plt -O2 -ffunction-sections -pipe -isystem /hpc/group/rozenlab/sr110/miniforge3/envs/R/include -fdebug-prefix-map=/home/conda/feedstock_root/build_artifacts/r-base-split_1732138515749/work=/usr/local/src/conda/r-base-4.4.2 -fdebug-prefix-map=/hpc/group/rozenlab/sr110/miniforge3/envs/R=/usr/local/src/conda-prefix -fpic -fvisibility=hidden -I. -DNDEBUG -D_FORTIFY_SOURCE=2 -O2 -isystem /hpc/group/rozenlab/sr110/miniforge3/envs/R/include -I/hpc/group/rozenlab/sr110/miniforge3/envs/R/include -Wl,-rpath-link,/hpc/group/rozenlab/sr110/miniforge3/envs/R/lib -D_FILE_OFFSET_BITS=64 -c -o region.o region.c
/usr/bin/gcc -march=nocona -mtune=haswell -ftree-vectorize -fPIC -fstack-protector-strong -fno-plt -O2 -ffunction-sections -pipe -isystem /hpc/group/rozenlab/sr110/miniforge3/envs/R/include -fdebug-prefix-map=/home/conda/feedstock_root/build_artifacts/r-base-split_1732138515749/work=/usr/local/src/conda/r-base-4.4.2 -fdebug-prefix-map=/hpc/group/rozenlab/sr110/miniforge3/envs/R=/usr/local/src/conda-prefix -fpic -fvisibility=hidden -I. -DNDEBUG -D_FORTIFY_SOURCE=2 -O2 -isystem /hpc/group/rozenlab/sr110/miniforge3/envs/R/include -I/hpc/group/rozenlab/sr110/miniforge3/envs/R/include -Wl,-rpath-link,/hpc/group/rozenlab/sr110/miniforge3/envs/R/lib -D_FILE_OFFSET_BITS=64 -c -o sam.o sam.c
/usr/bin/gcc -march=nocona -mtune=haswell -ftree-vectorize -fPIC -fstack-protector-strong -fno-plt -O2 -ffunction-sections -pipe -isystem /hpc/group/rozenlab/sr110/miniforge3/envs/R/include -fdebug-prefix-map=/home/conda/feedstock_root/build_artifacts/r-base-split_1732138515749/work=/usr/local/src/conda/r-base-4.4.2 -fdebug-prefix-map=/hpc/group/rozenlab/sr110/miniforge3/envs/R=/usr/local/src/conda-prefix -fpic -fvisibility=hidden -I. -DNDEBUG -D_FORTIFY_SOURCE=2 -O2 -isystem /hpc/group/rozenlab/sr110/miniforge3/envs/R/include -I/hpc/group/rozenlab/sr110/miniforge3/envs/R/include -Wl,-rpath-link,/hpc/group/rozenlab/sr110/miniforge3/envs/R/lib -D_FILE_OFFSET_BITS=64 -c -o synced_bcf_reader.o synced_bcf_reader.c
/usr/bin/gcc -march=nocona -mtune=haswell -ftree-vectorize -fPIC -fstack-protector-strong -fno-plt -O2 -ffunction-sections -pipe -isystem /hpc/group/rozenlab/sr110/miniforge3/envs/R/include -fdebug-prefix-map=/home/conda/feedstock_root/build_artifacts/r-base-split_1732138515749/work=/usr/local/src/conda/r-base-4.4.2 -fdebug-prefix-map=/hpc/group/rozenlab/sr110/miniforge3/envs/R=/usr/local/src/conda-prefix -fpic -fvisibility=hidden -I. -DNDEBUG -D_FORTIFY_SOURCE=2 -O2 -isystem /hpc/group/rozenlab/sr110/miniforge3/envs/R/include -I/hpc/group/rozenlab/sr110/miniforge3/envs/R/include -Wl,-rpath-link,/hpc/group/rozenlab/sr110/miniforge3/envs/R/lib -D_FILE_OFFSET_BITS=64 -c -o vcf_sweep.o vcf_sweep.c
/usr/bin/gcc -march=nocona -mtune=haswell -ftree-vectorize -fPIC -fstack-protector-strong -fno-plt -O2 -ffunction-sections -pipe -isystem /hpc/group/rozenlab/sr110/miniforge3/envs/R/include -fdebug-prefix-map=/home/conda/feedstock_root/build_artifacts/r-base-split_1732138515749/work=/usr/local/src/conda/r-base-4.4.2 -fdebug-prefix-map=/hpc/group/rozenlab/sr110/miniforge3/envs/R=/usr/local/src/conda-prefix -fpic -fvisibility=hidden -I. -DNDEBUG -D_FORTIFY_SOURCE=2 -O2 -isystem /hpc/group/rozenlab/sr110/miniforge3/envs/R/include -I/hpc/group/rozenlab/sr110/miniforge3/envs/R/include -Wl,-rpath-link,/hpc/group/rozenlab/sr110/miniforge3/envs/R/lib -D_FILE_OFFSET_BITS=64 -c -o tbx.o tbx.c
/usr/bin/gcc -march=nocona -mtune=haswell -ftree-vectorize -fPIC -fstack-protector-strong -fno-plt -O2 -ffunction-sections -pipe -isystem /hpc/group/rozenlab/sr110/miniforge3/envs/R/include -fdebug-prefix-map=/home/conda/feedstock_root/build_artifacts/r-base-split_1732138515749/work=/usr/local/src/conda/r-base-4.4.2 -fdebug-prefix-map=/hpc/group/rozenlab/sr110/miniforge3/envs/R=/usr/local/src/conda-prefix -fpic -fvisibility=hidden -I. -DNDEBUG -D_FORTIFY_SOURCE=2 -O2 -isystem /hpc/group/rozenlab/sr110/miniforge3/envs/R/include -I/hpc/group/rozenlab/sr110/miniforge3/envs/R/include -Wl,-rpath-link,/hpc/group/rozenlab/sr110/miniforge3/envs/R/lib -D_FILE_OFFSET_BITS=64 -c -o textutils.o textutils.c
/usr/bin/gcc -march=nocona -mtune=haswell -ftree-vectorize -fPIC -fstack-protector-strong -fno-plt -O2 -ffunction-sections -pipe -isystem /hpc/group/rozenlab/sr110/miniforge3/envs/R/include -fdebug-prefix-map=/home/conda/feedstock_root/build_artifacts/r-base-split_1732138515749/work=/usr/local/src/conda/r-base-4.4.2 -fdebug-prefix-map=/hpc/group/rozenlab/sr110/miniforge3/envs/R=/usr/local/src/conda-prefix -fpic -fvisibility=hidden -I. -DNDEBUG -D_FORTIFY_SOURCE=2 -O2 -isystem /hpc/group/rozenlab/sr110/miniforge3/envs/R/include -I/hpc/group/rozenlab/sr110/miniforge3/envs/R/include -Wl,-rpath-link,/hpc/group/rozenlab/sr110/miniforge3/envs/R/lib -D_FILE_OFFSET_BITS=64 -c -o thread_pool.o thread_pool.c
/usr/bin/gcc -march=nocona -mtune=haswell -ftree-vectorize -fPIC -fstack-protector-strong -fno-plt -O2 -ffunction-sections -pipe -isystem /hpc/group/rozenlab/sr110/miniforge3/envs/R/include -fdebug-prefix-map=/home/conda/feedstock_root/build_artifacts/r-base-split_1732138515749/work=/usr/local/src/conda/r-base-4.4.2 -fdebug-prefix-map=/hpc/group/rozenlab/sr110/miniforge3/envs/R=/usr/local/src/conda-prefix -fpic -fvisibility=hidden -I. -DNDEBUG -D_FORTIFY_SOURCE=2 -O2 -isystem /hpc/group/rozenlab/sr110/miniforge3/envs/R/include -I/hpc/group/rozenlab/sr110/miniforge3/envs/R/include -Wl,-rpath-link,/hpc/group/rozenlab/sr110/miniforge3/envs/R/lib -D_FILE_OFFSET_BITS=64 -c -o vcf.o vcf.c
/usr/bin/gcc -march=nocona -mtune=haswell -ftree-vectorize -fPIC -fstack-protector-strong -fno-plt -O2 -ffunction-sections -pipe -isystem /hpc/group/rozenlab/sr110/miniforge3/envs/R/include -fdebug-prefix-map=/home/conda/feedstock_root/build_artifacts/r-base-split_1732138515749/work=/usr/local/src/conda/r-base-4.4.2 -fdebug-prefix-map=/hpc/group/rozenlab/sr110/miniforge3/envs/R=/usr/local/src/conda-prefix -fpic -fvisibility=hidden -I. -DNDEBUG -D_FORTIFY_SOURCE=2 -O2 -isystem /hpc/group/rozenlab/sr110/miniforge3/envs/R/include -I/hpc/group/rozenlab/sr110/miniforge3/envs/R/include -Wl,-rpath-link,/hpc/group/rozenlab/sr110/miniforge3/envs/R/lib -D_FILE_OFFSET_BITS=64 -c -o vcfutils.o vcfutils.c
/usr/bin/gcc -march=nocona -mtune=haswell -ftree-vectorize -fPIC -fstack-protector-strong -fno-plt -O2 -ffunction-sections -pipe -isystem /hpc/group/rozenlab/sr110/miniforge3/envs/R/include -fdebug-prefix-map=/home/conda/feedstock_root/build_artifacts/r-base-split_1732138515749/work=/usr/local/src/conda/r-base-4.4.2 -fdebug-prefix-map=/hpc/group/rozenlab/sr110/miniforge3/envs/R=/usr/local/src/conda-prefix -fpic -fvisibility=hidden -I. -DNDEBUG -D_FORTIFY_SOURCE=2 -O2 -isystem /hpc/group/rozenlab/sr110/miniforge3/envs/R/include -I/hpc/group/rozenlab/sr110/miniforge3/envs/R/include -Wl,-rpath-link,/hpc/group/rozenlab/sr110/miniforge3/envs/R/lib -D_FILE_OFFSET_BITS=64 -c -o cram/cram_codecs.o cram/cram_codecs.c
/usr/bin/gcc -march=nocona -mtune=haswell -ftree-vectorize -fPIC -fstack-protector-strong -fno-plt -O2 -ffunction-sections -pipe -isystem /hpc/group/rozenlab/sr110/miniforge3/envs/R/include -fdebug-prefix-map=/home/conda/feedstock_root/build_artifacts/r-base-split_1732138515749/work=/usr/local/src/conda/r-base-4.4.2 -fdebug-prefix-map=/hpc/group/rozenlab/sr110/miniforge3/envs/R=/usr/local/src/conda-prefix -fpic -fvisibility=hidden -I. -DNDEBUG -D_FORTIFY_SOURCE=2 -O2 -isystem /hpc/group/rozenlab/sr110/miniforge3/envs/R/include -I/hpc/group/rozenlab/sr110/miniforge3/envs/R/include -Wl,-rpath-link,/hpc/group/rozenlab/sr110/miniforge3/envs/R/lib -D_FILE_OFFSET_BITS=64 -c -o cram/cram_decode.o cram/cram_decode.c
/usr/bin/gcc -march=nocona -mtune=haswell -ftree-vectorize -fPIC -fstack-protector-strong -fno-plt -O2 -ffunction-sections -pipe -isystem /hpc/group/rozenlab/sr110/miniforge3/envs/R/include -fdebug-prefix-map=/home/conda/feedstock_root/build_artifacts/r-base-split_1732138515749/work=/usr/local/src/conda/r-base-4.4.2 -fdebug-prefix-map=/hpc/group/rozenlab/sr110/miniforge3/envs/R=/usr/local/src/conda-prefix -fpic -fvisibility=hidden -I. -DNDEBUG -D_FORTIFY_SOURCE=2 -O2 -isystem /hpc/group/rozenlab/sr110/miniforge3/envs/R/include -I/hpc/group/rozenlab/sr110/miniforge3/envs/R/include -Wl,-rpath-link,/hpc/group/rozenlab/sr110/miniforge3/envs/R/lib -D_FILE_OFFSET_BITS=64 -c -o cram/cram_encode.o cram/cram_encode.c
/usr/bin/gcc -march=nocona -mtune=haswell -ftree-vectorize -fPIC -fstack-protector-strong -fno-plt -O2 -ffunction-sections -pipe -isystem /hpc/group/rozenlab/sr110/miniforge3/envs/R/include -fdebug-prefix-map=/home/conda/feedstock_root/build_artifacts/r-base-split_1732138515749/work=/usr/local/src/conda/r-base-4.4.2 -fdebug-prefix-map=/hpc/group/rozenlab/sr110/miniforge3/envs/R=/usr/local/src/conda-prefix -fpic -fvisibility=hidden -I. -DNDEBUG -D_FORTIFY_SOURCE=2 -O2 -isystem /hpc/group/rozenlab/sr110/miniforge3/envs/R/include -I/hpc/group/rozenlab/sr110/miniforge3/envs/R/include -Wl,-rpath-link,/hpc/group/rozenlab/sr110/miniforge3/envs/R/lib -D_FILE_OFFSET_BITS=64 -c -o cram/cram_external.o cram/cram_external.c
/usr/bin/gcc -march=nocona -mtune=haswell -ftree-vectorize -fPIC -fstack-protector-strong -fno-plt -O2 -ffunction-sections -pipe -isystem /hpc/group/rozenlab/sr110/miniforge3/envs/R/include -fdebug-prefix-map=/home/conda/feedstock_root/build_artifacts/r-base-split_1732138515749/work=/usr/local/src/conda/r-base-4.4.2 -fdebug-prefix-map=/hpc/group/rozenlab/sr110/miniforge3/envs/R=/usr/local/src/conda-prefix -fpic -fvisibility=hidden -I. -DNDEBUG -D_FORTIFY_SOURCE=2 -O2 -isystem /hpc/group/rozenlab/sr110/miniforge3/envs/R/include -I/hpc/group/rozenlab/sr110/miniforge3/envs/R/include -Wl,-rpath-link,/hpc/group/rozenlab/sr110/miniforge3/envs/R/lib -D_FILE_OFFSET_BITS=64 -c -o cram/cram_index.o cram/cram_index.c
/usr/bin/gcc -march=nocona -mtune=haswell -ftree-vectorize -fPIC -fstack-protector-strong -fno-plt -O2 -ffunction-sections -pipe -isystem /hpc/group/rozenlab/sr110/miniforge3/envs/R/include -fdebug-prefix-map=/home/conda/feedstock_root/build_artifacts/r-base-split_1732138515749/work=/usr/local/src/conda/r-base-4.4.2 -fdebug-prefix-map=/hpc/group/rozenlab/sr110/miniforge3/envs/R=/usr/local/src/conda-prefix -fpic -fvisibility=hidden -I. -DNDEBUG -D_FORTIFY_SOURCE=2 -O2 -isystem /hpc/group/rozenlab/sr110/miniforge3/envs/R/include -I/hpc/group/rozenlab/sr110/miniforge3/envs/R/include -Wl,-rpath-link,/hpc/group/rozenlab/sr110/miniforge3/envs/R/lib -D_FILE_OFFSET_BITS=64 -c -o cram/cram_io.o cram/cram_io.c
/usr/bin/gcc -march=nocona -mtune=haswell -ftree-vectorize -fPIC -fstack-protector-strong -fno-plt -O2 -ffunction-sections -pipe -isystem /hpc/group/rozenlab/sr110/miniforge3/envs/R/include -fdebug-prefix-map=/home/conda/feedstock_root/build_artifacts/r-base-split_1732138515749/work=/usr/local/src/conda/r-base-4.4.2 -fdebug-prefix-map=/hpc/group/rozenlab/sr110/miniforge3/envs/R=/usr/local/src/conda-prefix -fpic -fvisibility=hidden -I. -DNDEBUG -D_FORTIFY_SOURCE=2 -O2 -isystem /hpc/group/rozenlab/sr110/miniforge3/envs/R/include -I/hpc/group/rozenlab/sr110/miniforge3/envs/R/include -Wl,-rpath-link,/hpc/group/rozenlab/sr110/miniforge3/envs/R/lib -D_FILE_OFFSET_BITS=64 -c -o cram/cram_stats.o cram/cram_stats.c
/usr/bin/gcc -march=nocona -mtune=haswell -ftree-vectorize -fPIC -fstack-protector-strong -fno-plt -O2 -ffunction-sections -pipe -isystem /hpc/group/rozenlab/sr110/miniforge3/envs/R/include -fdebug-prefix-map=/home/conda/feedstock_root/build_artifacts/r-base-split_1732138515749/work=/usr/local/src/conda/r-base-4.4.2 -fdebug-prefix-map=/hpc/group/rozenlab/sr110/miniforge3/envs/R=/usr/local/src/conda-prefix -fpic -fvisibility=hidden -I. -DNDEBUG -D_FORTIFY_SOURCE=2 -O2 -isystem /hpc/group/rozenlab/sr110/miniforge3/envs/R/include -I/hpc/group/rozenlab/sr110/miniforge3/envs/R/include -Wl,-rpath-link,/hpc/group/rozenlab/sr110/miniforge3/envs/R/lib -D_FILE_OFFSET_BITS=64 -c -o cram/mFILE.o cram/mFILE.c
/usr/bin/gcc -march=nocona -mtune=haswell -ftree-vectorize -fPIC -fstack-protector-strong -fno-plt -O2 -ffunction-sections -pipe -isystem /hpc/group/rozenlab/sr110/miniforge3/envs/R/include -fdebug-prefix-map=/home/conda/feedstock_root/build_artifacts/r-base-split_1732138515749/work=/usr/local/src/conda/r-base-4.4.2 -fdebug-prefix-map=/hpc/group/rozenlab/sr110/miniforge3/envs/R=/usr/local/src/conda-prefix -fpic -fvisibility=hidden -I. -DNDEBUG -D_FORTIFY_SOURCE=2 -O2 -isystem /hpc/group/rozenlab/sr110/miniforge3/envs/R/include -I/hpc/group/rozenlab/sr110/miniforge3/envs/R/include -Wl,-rpath-link,/hpc/group/rozenlab/sr110/miniforge3/envs/R/lib -D_FILE_OFFSET_BITS=64 -c -o cram/open_trace_file.o cram/open_trace_file.c
/usr/bin/gcc -march=nocona -mtune=haswell -ftree-vectorize -fPIC -fstack-protector-strong -fno-plt -O2 -ffunction-sections -pipe -isystem /hpc/group/rozenlab/sr110/miniforge3/envs/R/include -fdebug-prefix-map=/home/conda/feedstock_root/build_artifacts/r-base-split_1732138515749/work=/usr/local/src/conda/r-base-4.4.2 -fdebug-prefix-map=/hpc/group/rozenlab/sr110/miniforge3/envs/R=/usr/local/src/conda-prefix -fpic -fvisibility=hidden -I. -DNDEBUG -D_FORTIFY_SOURCE=2 -O2 -isystem /hpc/group/rozenlab/sr110/miniforge3/envs/R/include -I/hpc/group/rozenlab/sr110/miniforge3/envs/R/include -Wl,-rpath-link,/hpc/group/rozenlab/sr110/miniforge3/envs/R/lib -D_FILE_OFFSET_BITS=64 -c -o cram/pooled_alloc.o cram/pooled_alloc.c
/usr/bin/gcc -march=nocona -mtune=haswell -ftree-vectorize -fPIC -fstack-protector-strong -fno-plt -O2 -ffunction-sections -pipe -isystem /hpc/group/rozenlab/sr110/miniforge3/envs/R/include -fdebug-prefix-map=/home/conda/feedstock_root/build_artifacts/r-base-split_1732138515749/work=/usr/local/src/conda/r-base-4.4.2 -fdebug-prefix-map=/hpc/group/rozenlab/sr110/miniforge3/envs/R=/usr/local/src/conda-prefix -fpic -fvisibility=hidden -I. -DNDEBUG -D_FORTIFY_SOURCE=2 -O2 -isystem /hpc/group/rozenlab/sr110/miniforge3/envs/R/include -I/hpc/group/rozenlab/sr110/miniforge3/envs/R/include -Wl,-rpath-link,/hpc/group/rozenlab/sr110/miniforge3/envs/R/lib -D_FILE_OFFSET_BITS=64 -c -o cram/string_alloc.o cram/string_alloc.c
/usr/bin/gcc -march=nocona -mtune=haswell -ftree-vectorize -fPIC -fstack-protector-strong -fno-plt -O2 -ffunction-sections -pipe -isystem /hpc/group/rozenlab/sr110/miniforge3/envs/R/include -fdebug-prefix-map=/home/conda/feedstock_root/build_artifacts/r-base-split_1732138515749/work=/usr/local/src/conda/r-base-4.4.2 -fdebug-prefix-map=/hpc/group/rozenlab/sr110/miniforge3/envs/R=/usr/local/src/conda-prefix -fpic -fvisibility=hidden -I. -DNDEBUG -D_FORTIFY_SOURCE=2 -O2 -isystem /hpc/group/rozenlab/sr110/miniforge3/envs/R/include -I/hpc/group/rozenlab/sr110/miniforge3/envs/R/include -Wl,-rpath-link,/hpc/group/rozenlab/sr110/miniforge3/envs/R/lib -D_FILE_OFFSET_BITS=64 -c -o htscodecs/htscodecs/arith_dynamic.o htscodecs/htscodecs/arith_dynamic.c
/usr/bin/gcc -march=nocona -mtune=haswell -ftree-vectorize -fPIC -fstack-protector-strong -fno-plt -O2 -ffunction-sections -pipe -isystem /hpc/group/rozenlab/sr110/miniforge3/envs/R/include -fdebug-prefix-map=/home/conda/feedstock_root/build_artifacts/r-base-split_1732138515749/work=/usr/local/src/conda/r-base-4.4.2 -fdebug-prefix-map=/hpc/group/rozenlab/sr110/miniforge3/envs/R=/usr/local/src/conda-prefix -fpic -fvisibility=hidden -I. -DNDEBUG -D_FORTIFY_SOURCE=2 -O2 -isystem /hpc/group/rozenlab/sr110/miniforge3/envs/R/include -I/hpc/group/rozenlab/sr110/miniforge3/envs/R/include -Wl,-rpath-link,/hpc/group/rozenlab/sr110/miniforge3/envs/R/lib -D_FILE_OFFSET_BITS=64 -c -o htscodecs/htscodecs/fqzcomp_qual.o htscodecs/htscodecs/fqzcomp_qual.c
/usr/bin/gcc -march=nocona -mtune=haswell -ftree-vectorize -fPIC -fstack-protector-strong -fno-plt -O2 -ffunction-sections -pipe -isystem /hpc/group/rozenlab/sr110/miniforge3/envs/R/include -fdebug-prefix-map=/home/conda/feedstock_root/build_artifacts/r-base-split_1732138515749/work=/usr/local/src/conda/r-base-4.4.2 -fdebug-prefix-map=/hpc/group/rozenlab/sr110/miniforge3/envs/R=/usr/local/src/conda-prefix -fpic -fvisibility=hidden -I. -DNDEBUG -D_FORTIFY_SOURCE=2 -O2 -isystem /hpc/group/rozenlab/sr110/miniforge3/envs/R/include -I/hpc/group/rozenlab/sr110/miniforge3/envs/R/include -Wl,-rpath-link,/hpc/group/rozenlab/sr110/miniforge3/envs/R/lib -D_FILE_OFFSET_BITS=64 -c -o htscodecs/htscodecs/htscodecs.o htscodecs/htscodecs/htscodecs.c
/usr/bin/gcc -march=nocona -mtune=haswell -ftree-vectorize -fPIC -fstack-protector-strong -fno-plt -O2 -ffunction-sections -pipe -isystem /hpc/group/rozenlab/sr110/miniforge3/envs/R/include -fdebug-prefix-map=/home/conda/feedstock_root/build_artifacts/r-base-split_1732138515749/work=/usr/local/src/conda/r-base-4.4.2 -fdebug-prefix-map=/hpc/group/rozenlab/sr110/miniforge3/envs/R=/usr/local/src/conda-prefix -fpic -fvisibility=hidden -I. -DNDEBUG -D_FORTIFY_SOURCE=2 -O2 -isystem /hpc/group/rozenlab/sr110/miniforge3/envs/R/include -I/hpc/group/rozenlab/sr110/miniforge3/envs/R/include -Wl,-rpath-link,/hpc/group/rozenlab/sr110/miniforge3/envs/R/lib -D_FILE_OFFSET_BITS=64 -c -o htscodecs/htscodecs/pack.o htscodecs/htscodecs/pack.c
/usr/bin/gcc -march=nocona -mtune=haswell -ftree-vectorize -fPIC -fstack-protector-strong -fno-plt -O2 -ffunction-sections -pipe -isystem /hpc/group/rozenlab/sr110/miniforge3/envs/R/include -fdebug-prefix-map=/home/conda/feedstock_root/build_artifacts/r-base-split_1732138515749/work=/usr/local/src/conda/r-base-4.4.2 -fdebug-prefix-map=/hpc/group/rozenlab/sr110/miniforge3/envs/R=/usr/local/src/conda-prefix -fpic -fvisibility=hidden -I. -DNDEBUG -D_FORTIFY_SOURCE=2 -O2 -isystem /hpc/group/rozenlab/sr110/miniforge3/envs/R/include -I/hpc/group/rozenlab/sr110/miniforge3/envs/R/include -Wl,-rpath-link,/hpc/group/rozenlab/sr110/miniforge3/envs/R/lib -D_FILE_OFFSET_BITS=64 -c -o htscodecs/htscodecs/rANS_static4x16pr.o htscodecs/htscodecs/rANS_static4x16pr.c
/usr/bin/gcc -march=nocona -mtune=haswell -ftree-vectorize -fPIC -fstack-protector-strong -fno-plt -O2 -ffunction-sections -pipe -isystem /hpc/group/rozenlab/sr110/miniforge3/envs/R/include -fdebug-prefix-map=/home/conda/feedstock_root/build_artifacts/r-base-split_1732138515749/work=/usr/local/src/conda/r-base-4.4.2 -fdebug-prefix-map=/hpc/group/rozenlab/sr110/miniforge3/envs/R=/usr/local/src/conda-prefix -fpic -fvisibility=hidden -I. -DNDEBUG -D_FORTIFY_SOURCE=2 -O2 -isystem /hpc/group/rozenlab/sr110/miniforge3/envs/R/include -I/hpc/group/rozenlab/sr110/miniforge3/envs/R/include -Wl,-rpath-link,/hpc/group/rozenlab/sr110/miniforge3/envs/R/lib -D_FILE_OFFSET_BITS=64 -c -o htscodecs/htscodecs/rANS_static.o htscodecs/htscodecs/rANS_static.c
/usr/bin/gcc -march=nocona -mtune=haswell -ftree-vectorize -fPIC -fstack-protector-strong -fno-plt -O2 -ffunction-sections -pipe -isystem /hpc/group/rozenlab/sr110/miniforge3/envs/R/include -fdebug-prefix-map=/home/conda/feedstock_root/build_artifacts/r-base-split_1732138515749/work=/usr/local/src/conda/r-base-4.4.2 -fdebug-prefix-map=/hpc/group/rozenlab/sr110/miniforge3/envs/R=/usr/local/src/conda-prefix -fpic -fvisibility=hidden -I. -DNDEBUG -D_FORTIFY_SOURCE=2 -O2 -isystem /hpc/group/rozenlab/sr110/miniforge3/envs/R/include -I/hpc/group/rozenlab/sr110/miniforge3/envs/R/include -Wl,-rpath-link,/hpc/group/rozenlab/sr110/miniforge3/envs/R/lib -D_FILE_OFFSET_BITS=64 -c -o htscodecs/htscodecs/rle.o htscodecs/htscodecs/rle.c
/usr/bin/gcc -march=nocona -mtune=haswell -ftree-vectorize -fPIC -fstack-protector-strong -fno-plt -O2 -ffunction-sections -pipe -isystem /hpc/group/rozenlab/sr110/miniforge3/envs/R/include -fdebug-prefix-map=/home/conda/feedstock_root/build_artifacts/r-base-split_1732138515749/work=/usr/local/src/conda/r-base-4.4.2 -fdebug-prefix-map=/hpc/group/rozenlab/sr110/miniforge3/envs/R=/usr/local/src/conda-prefix -fpic -fvisibility=hidden -I. -DNDEBUG -D_FORTIFY_SOURCE=2 -O2 -isystem /hpc/group/rozenlab/sr110/miniforge3/envs/R/include -I/hpc/group/rozenlab/sr110/miniforge3/envs/R/include -Wl,-rpath-link,/hpc/group/rozenlab/sr110/miniforge3/envs/R/lib -D_FILE_OFFSET_BITS=64 -c -o htscodecs/htscodecs/tokenise_name3.o htscodecs/htscodecs/tokenise_name3.c
/usr/bin/gcc -march=nocona -mtune=haswell -ftree-vectorize -fPIC -fstack-protector-strong -fno-plt -O2 -ffunction-sections -pipe -isystem /hpc/group/rozenlab/sr110/miniforge3/envs/R/include -fdebug-prefix-map=/home/conda/feedstock_root/build_artifacts/r-base-split_1732138515749/work=/usr/local/src/conda/r-base-4.4.2 -fdebug-prefix-map=/hpc/group/rozenlab/sr110/miniforge3/envs/R=/usr/local/src/conda-prefix -fpic -fvisibility=hidden -I. -DNDEBUG -D_FORTIFY_SOURCE=2 -O2 -isystem /hpc/group/rozenlab/sr110/miniforge3/envs/R/include -I/hpc/group/rozenlab/sr110/miniforge3/envs/R/include -Wl,-rpath-link,/hpc/group/rozenlab/sr110/miniforge3/envs/R/lib -D_FILE_OFFSET_BITS=64 -c -o hfile_libcurl.o hfile_libcurl.c
x86_64-conda-linux-gnu-ar -rc libhts.a kfunc.o kstring.o bcf_sr_sort.o bgzf.o errmod.o faidx.o header.o hfile.o hts.o hts_expr.o hts_os.o md5.o multipart.o probaln.o realn.o regidx.o region.o sam.o synced_bcf_reader.o vcf_sweep.o tbx.o textutils.o thread_pool.o vcf.o vcfutils.o cram/cram_codecs.o cram/cram_decode.o cram/cram_encode.o cram/cram_external.o cram/cram_index.o cram/cram_io.o cram/cram_stats.o cram/mFILE.o cram/open_trace_file.o cram/pooled_alloc.o cram/string_alloc.o htscodecs/htscodecs/arith_dynamic.o htscodecs/htscodecs/fqzcomp_qual.o htscodecs/htscodecs/htscodecs.o htscodecs/htscodecs/pack.o htscodecs/htscodecs/rANS_static4x16pr.o htscodecs/htscodecs/rANS_static.o htscodecs/htscodecs/rle.o htscodecs/htscodecs/tokenise_name3.o hfile_libcurl.o
make[1]: x86_64-conda-linux-gnu-ar: No such file or directory
make[1]: *** [Makefile.Rhtslib:271: libhts.a] Error 127
make[1]: Leaving directory '/tmp/RtmpErCQvh/R.INSTALL8188b2f4751af/Rhtslib/src/htslib-1.15.1'
make: *** [Makevars.common:22: htslib] Error 2
ERROR: compilation failed for package ‘Rhtslib’
* removing ‘/hpc/group/rozenlab/sr110/miniforge3/envs/R/lib/R/library/Rhtslib’
ERROR: dependency ‘Rhtslib’ is not available for package ‘Rsamtools’
* removing ‘/hpc/group/rozenlab/sr110/miniforge3/envs/R/lib/R/library/Rsamtools’
ERROR: dependency ‘Rsamtools’ is not available for package ‘GenomicAlignments’
* removing ‘/hpc/group/rozenlab/sr110/miniforge3/envs/R/lib/R/library/GenomicAlignments’
ERROR: dependencies ‘Rsamtools’, ‘GenomicAlignments’ are not available for package ‘rtracklayer’
* removing ‘/hpc/group/rozenlab/sr110/miniforge3/envs/R/lib/R/library/rtracklayer’
ERROR: dependencies ‘rtracklayer’, ‘Rsamtools’ are not available for package ‘BSgenome’
* removing ‘/hpc/group/rozenlab/sr110/miniforge3/envs/R/lib/R/library/BSgenome’

The downloaded source packages are in
	‘/tmp/Rtmp7pMSgN/downloaded_packages’
Updating HTML index of packages in '.Library'
Making 'packages.html' ... done
── R CMD build ─────────────────────────────────────────────────────────────────
* checking for file ‘/tmp/Rtmp7pMSgN/remotes814c13849f29/steverozen-ICAMS-942a3a7/DESCRIPTION’ ... OK
* preparing ‘ICAMS’:
* checking DESCRIPTION meta-information ... OK
* cleaning src
* checking for LF line-endings in source and make files and shell scripts
* checking for empty or unneeded directories
* building ‘ICAMS_4.0.0.tar.gz’
Warning: invalid uid value replaced by that for user 'nobody'
Warning: invalid gid value replaced by that for user 'nobody'

ERROR: dependency ‘BSgenome’ is not available for package ‘ICAMS’
* removing ‘/hpc/group/rozenlab/sr110/miniforge3/envs/R/lib/R/library/ICAMS’
Downloading GitHub repo steverozen/ICAMSxtra@v0.1.0
Downloading GitHub repo steverozen/ICAMS@v3.0.5-branch
Skipping ICAMS, it is already being installed
Downloading GitHub repo steverozen/ICAMS@v3.0.5-branch
Skipping ICAMS, it is already being installed
── R CMD build ─────────────────────────────────────────────────────────────────
* checking for file ‘/tmp/Rtmp7pMSgN/remotes814c17dc54cd3/steverozen-ICAMSxtra-066c096/DESCRIPTION’ ... OK
* preparing ‘ICAMSxtra’:
* checking DESCRIPTION meta-information ... OK
* checking for LF line-endings in source and make files and shell scripts
* checking for empty or unneeded directories
* building ‘ICAMSxtra_0.1.0.tar.gz’
Warning: invalid uid value replaced by that for user 'nobody'
Warning: invalid gid value replaced by that for user 'nobody'

ERROR: dependency ‘ICAMS’ is not available for package ‘ICAMSxtra’
* removing ‘/hpc/group/rozenlab/sr110/miniforge3/envs/R/lib/R/library/ICAMSxtra’
Downloading GitHub repo steverozen/mSigAct@v3.0.3
Downloading GitHub repo steverozen/ICAMS@v3.0.6-branch
Skipping ICAMS, it is already being installed
Installing 1 packages: nloptr
trying URL 'https://cloud.r-project.org/src/contrib/nloptr_2.2.1.tar.gz'
Content type 'application/x-gzip' length 2253853 bytes (2.1 MB)
==================================================
downloaded 2.1 MB

* installing *source* package ‘nloptr’ ...
** package ‘nloptr’ successfully unpacked and MD5 sums checked
** using staged installation
checking whether the C++ compiler works... yes
checking for C++ compiler default output file name... a.out
checking for suffix of executables... 
checking whether we are cross compiling... no
checking for suffix of object files... o
checking whether the compiler supports GNU C++... yes
checking whether /usr/bin/g++ accepts -g... yes
checking for /usr/bin/g++ option to enable C++11 features... none needed
checking how to run the C++ preprocessor... /usr/bin/g++ -E
checking whether the compiler supports GNU C++... (cached) yes
checking whether /usr/bin/g++ accepts -g... (cached) yes
checking for /usr/bin/g++ option to enable C++11 features... (cached) none needed
checking for pkg-config... /usr/bin/pkg-config
checking if pkg-config knows NLopt... no
checking for cmake... no

------------------ CMAKE NOT FOUND --------------------

CMake was not found on the PATH. Please install CMake:

 - sudo yum install cmake          (Fedora/CentOS; inside a terminal)
 - sudo apt install cmake          (Debian/Ubuntu; inside a terminal).
 - sudo pacman -S cmake            (Arch Linux; inside a terminal).
 - brew install --cask cmake       (MacOS; inside a terminal with Homebrew)
 - sudo port install cmake         (MacOS; inside a terminal with MacPorts)

Alternatively install CMake from: <https://cmake.org/>

-------------------------------------------------------

ERROR: configuration failed for package ‘nloptr’
* removing ‘/hpc/group/rozenlab/sr110/miniforge3/envs/R/lib/R/library/nloptr’

The downloaded source packages are in
	‘/tmp/Rtmp7pMSgN/downloaded_packages’
Updating HTML index of packages in '.Library'
Making 'packages.html' ... done
Downloading GitHub repo steverozen/ICAMS@v3.0.6-branch
Skipping ICAMS, it is already being installed
── R CMD build ─────────────────────────────────────────────────────────────────
* checking for file ‘/tmp/Rtmp7pMSgN/remotes814c17ba7b957/steverozen-mSigAct-4394021/DESCRIPTION’ ... OK
* preparing ‘mSigAct’:
* checking DESCRIPTION meta-information ... OK
* checking for LF line-endings in source and make files and shell scripts
* checking for empty or unneeded directories
* looking to see if a ‘data/datalist’ file should be added
* building ‘mSigAct_3.0.3.tar.gz’
Warning: invalid uid value replaced by that for user 'nobody'
Warning: invalid gid value replaced by that for user 'nobody'

ERROR: dependencies ‘ICAMS’, ‘nloptr’ are not available for package ‘mSigAct’
* removing ‘/hpc/group/rozenlab/sr110/miniforge3/envs/R/lib/R/library/mSigAct’
Downloading GitHub repo steverozen/ICAMS@v4.0.0
Skipping ICAMS, it is already being installed
Downloading GitHub repo steverozen/ICAMSxtra@v0.1.0
Skipping ICAMSxtra, it is already being installed
Downloading GitHub repo steverozen/mSigAct@v3.0.3
Skipping mSigAct, it is already being installed
── R CMD build ─────────────────────────────────────────────────────────────────
* checking for file ‘/tmp/Rtmp7pMSgN/remotes814c17796be06/steverozen-SynSigGen-a5e55f6/DESCRIPTION’ ... OK
* preparing ‘SynSigGen’:
* checking DESCRIPTION meta-information ... OK
* checking for LF line-endings in source and make files and shell scripts
* checking for empty or unneeded directories
* building ‘SynSigGen_1.1.1.tar.gz’
Warning: invalid uid value replaced by that for user 'nobody'
Warning: invalid gid value replaced by that for user 'nobody'

ERROR: dependencies ‘ICAMS’, ‘ICAMSxtra’, ‘mSigAct’ are not available for package ‘SynSigGen’
* removing ‘/hpc/group/rozenlab/sr110/miniforge3/envs/R/lib/R/library/SynSigGen’
Warning messages:
1: In i.p(...) :
  installation of package ‘Rhtslib’ had non-zero exit status
2: In i.p(...) :
  installation of package ‘Rsamtools’ had non-zero exit status
3: In i.p(...) :
  installation of package ‘GenomicAlignments’ had non-zero exit status
4: In i.p(...) :
  installation of package ‘rtracklayer’ had non-zero exit status
5: In i.p(...) :
  installation of package ‘BSgenome’ had non-zero exit status
6: In i.p(...) :
  installation of package ‘/tmp/Rtmp7pMSgN/file814c1207ff739/ICAMS_4.0.0.tar.gz’ had non-zero exit status
7: In i.p(...) :
  installation of package ‘/tmp/Rtmp7pMSgN/file814c165af304c/ICAMSxtra_0.1.0.tar.gz’ had non-zero exit status
8: In i.p(...) : installation of package ‘nloptr’ had non-zero exit status
9: In i.p(...) :
  installation of package ‘/tmp/Rtmp7pMSgN/file814c14df275ce/mSigAct_3.0.3.tar.gz’ had non-zero exit status
10: In i.p(...) :
  installation of package ‘/tmp/Rtmp7pMSgN/file814c17bd4bc3e/SynSigGen_1.1.1.tar.gz’ had non-zero exit status
Using GitHub PAT from the git credential store.
Downloading GitHub repo steverozen/mSigAct@HEAD
Downloading GitHub repo steverozen/ICAMS@v3.0.6-branch
Installing 5 packages: Rhtslib, GenomicAlignments, Rsamtools, rtracklayer, BSgenome
trying URL 'https://bioconductor.org/packages/3.18/bioc/src/contrib/Rhtslib_2.4.1.tar.gz'
Content type 'application/gzip' length 4581411 bytes (4.4 MB)
==================================================
downloaded 4.4 MB

trying URL 'https://bioconductor.org/packages/3.18/bioc/src/contrib/GenomicAlignments_1.38.2.tar.gz'
Content type 'application/gzip' length 2265818 bytes (2.2 MB)
==================================================
downloaded 2.2 MB

trying URL 'https://bioconductor.org/packages/3.18/bioc/src/contrib/Rsamtools_2.18.0.tar.gz'
Content type 'application/gzip' length 2918523 bytes (2.8 MB)
==================================================
downloaded 2.8 MB

trying URL 'https://bioconductor.org/packages/3.18/bioc/src/contrib/rtracklayer_1.62.0.tar.gz'
Content type 'application/gzip' length 4019225 bytes (3.8 MB)
==================================================
downloaded 3.8 MB

trying URL 'https://bioconductor.org/packages/3.18/bioc/src/contrib/BSgenome_1.70.2.tar.gz'
Content type 'application/gzip' length 5909171 bytes (5.6 MB)
==================================================
downloaded 5.6 MB

* installing *source* package ‘Rhtslib’ ...
** using non-staged installation via StagedInstall field
** libs
using C compiler: ‘gcc (GCC) 11.5.0 20240719 (Red Hat 11.5.0-5)’
cd "htslib-1.15.1" && make -f "Makefile.Rhtslib"
make[1]: Entering directory '/tmp/Rtmp0N8zQW/R.INSTALL829931b091ca9/Rhtslib/src/htslib-1.15.1'
/usr/bin/gcc -march=nocona -mtune=haswell -ftree-vectorize -fPIC -fstack-protector-strong -fno-plt -O2 -ffunction-sections -pipe -isystem /hpc/group/rozenlab/sr110/miniforge3/envs/R/include -fdebug-prefix-map=/home/conda/feedstock_root/build_artifacts/r-base-split_1732138515749/work=/usr/local/src/conda/r-base-4.4.2 -fdebug-prefix-map=/hpc/group/rozenlab/sr110/miniforge3/envs/R=/usr/local/src/conda-prefix -fpic -fvisibility=hidden -I. -DNDEBUG -D_FORTIFY_SOURCE=2 -O2 -isystem /hpc/group/rozenlab/sr110/miniforge3/envs/R/include -I/hpc/group/rozenlab/sr110/miniforge3/envs/R/include -Wl,-rpath-link,/hpc/group/rozenlab/sr110/miniforge3/envs/R/lib -D_FILE_OFFSET_BITS=64 -c -o kfunc.o kfunc.c
/usr/bin/gcc -march=nocona -mtune=haswell -ftree-vectorize -fPIC -fstack-protector-strong -fno-plt -O2 -ffunction-sections -pipe -isystem /hpc/group/rozenlab/sr110/miniforge3/envs/R/include -fdebug-prefix-map=/home/conda/feedstock_root/build_artifacts/r-base-split_1732138515749/work=/usr/local/src/conda/r-base-4.4.2 -fdebug-prefix-map=/hpc/group/rozenlab/sr110/miniforge3/envs/R=/usr/local/src/conda-prefix -fpic -fvisibility=hidden -I. -DNDEBUG -D_FORTIFY_SOURCE=2 -O2 -isystem /hpc/group/rozenlab/sr110/miniforge3/envs/R/include -I/hpc/group/rozenlab/sr110/miniforge3/envs/R/include -Wl,-rpath-link,/hpc/group/rozenlab/sr110/miniforge3/envs/R/lib -D_FILE_OFFSET_BITS=64 -c -o kstring.o kstring.c
/usr/bin/gcc -march=nocona -mtune=haswell -ftree-vectorize -fPIC -fstack-protector-strong -fno-plt -O2 -ffunction-sections -pipe -isystem /hpc/group/rozenlab/sr110/miniforge3/envs/R/include -fdebug-prefix-map=/home/conda/feedstock_root/build_artifacts/r-base-split_1732138515749/work=/usr/local/src/conda/r-base-4.4.2 -fdebug-prefix-map=/hpc/group/rozenlab/sr110/miniforge3/envs/R=/usr/local/src/conda-prefix -fpic -fvisibility=hidden -I. -DNDEBUG -D_FORTIFY_SOURCE=2 -O2 -isystem /hpc/group/rozenlab/sr110/miniforge3/envs/R/include -I/hpc/group/rozenlab/sr110/miniforge3/envs/R/include -Wl,-rpath-link,/hpc/group/rozenlab/sr110/miniforge3/envs/R/lib -D_FILE_OFFSET_BITS=64 -c -o bcf_sr_sort.o bcf_sr_sort.c
/usr/bin/gcc -march=nocona -mtune=haswell -ftree-vectorize -fPIC -fstack-protector-strong -fno-plt -O2 -ffunction-sections -pipe -isystem /hpc/group/rozenlab/sr110/miniforge3/envs/R/include -fdebug-prefix-map=/home/conda/feedstock_root/build_artifacts/r-base-split_1732138515749/work=/usr/local/src/conda/r-base-4.4.2 -fdebug-prefix-map=/hpc/group/rozenlab/sr110/miniforge3/envs/R=/usr/local/src/conda-prefix -fpic -fvisibility=hidden -I. -DNDEBUG -D_FORTIFY_SOURCE=2 -O2 -isystem /hpc/group/rozenlab/sr110/miniforge3/envs/R/include -I/hpc/group/rozenlab/sr110/miniforge3/envs/R/include -Wl,-rpath-link,/hpc/group/rozenlab/sr110/miniforge3/envs/R/lib -D_FILE_OFFSET_BITS=64 -c -o bgzf.o bgzf.c
/usr/bin/gcc -march=nocona -mtune=haswell -ftree-vectorize -fPIC -fstack-protector-strong -fno-plt -O2 -ffunction-sections -pipe -isystem /hpc/group/rozenlab/sr110/miniforge3/envs/R/include -fdebug-prefix-map=/home/conda/feedstock_root/build_artifacts/r-base-split_1732138515749/work=/usr/local/src/conda/r-base-4.4.2 -fdebug-prefix-map=/hpc/group/rozenlab/sr110/miniforge3/envs/R=/usr/local/src/conda-prefix -fpic -fvisibility=hidden -I. -DNDEBUG -D_FORTIFY_SOURCE=2 -O2 -isystem /hpc/group/rozenlab/sr110/miniforge3/envs/R/include -I/hpc/group/rozenlab/sr110/miniforge3/envs/R/include -Wl,-rpath-link,/hpc/group/rozenlab/sr110/miniforge3/envs/R/lib -D_FILE_OFFSET_BITS=64 -c -o errmod.o errmod.c
/usr/bin/gcc -march=nocona -mtune=haswell -ftree-vectorize -fPIC -fstack-protector-strong -fno-plt -O2 -ffunction-sections -pipe -isystem /hpc/group/rozenlab/sr110/miniforge3/envs/R/include -fdebug-prefix-map=/home/conda/feedstock_root/build_artifacts/r-base-split_1732138515749/work=/usr/local/src/conda/r-base-4.4.2 -fdebug-prefix-map=/hpc/group/rozenlab/sr110/miniforge3/envs/R=/usr/local/src/conda-prefix -fpic -fvisibility=hidden -I. -DNDEBUG -D_FORTIFY_SOURCE=2 -O2 -isystem /hpc/group/rozenlab/sr110/miniforge3/envs/R/include -I/hpc/group/rozenlab/sr110/miniforge3/envs/R/include -Wl,-rpath-link,/hpc/group/rozenlab/sr110/miniforge3/envs/R/lib -D_FILE_OFFSET_BITS=64 -c -o faidx.o faidx.c
/usr/bin/gcc -march=nocona -mtune=haswell -ftree-vectorize -fPIC -fstack-protector-strong -fno-plt -O2 -ffunction-sections -pipe -isystem /hpc/group/rozenlab/sr110/miniforge3/envs/R/include -fdebug-prefix-map=/home/conda/feedstock_root/build_artifacts/r-base-split_1732138515749/work=/usr/local/src/conda/r-base-4.4.2 -fdebug-prefix-map=/hpc/group/rozenlab/sr110/miniforge3/envs/R=/usr/local/src/conda-prefix -fpic -fvisibility=hidden -I. -DNDEBUG -D_FORTIFY_SOURCE=2 -O2 -isystem /hpc/group/rozenlab/sr110/miniforge3/envs/R/include -I/hpc/group/rozenlab/sr110/miniforge3/envs/R/include -Wl,-rpath-link,/hpc/group/rozenlab/sr110/miniforge3/envs/R/lib -D_FILE_OFFSET_BITS=64 -c -o header.o header.c
/usr/bin/gcc -march=nocona -mtune=haswell -ftree-vectorize -fPIC -fstack-protector-strong -fno-plt -O2 -ffunction-sections -pipe -isystem /hpc/group/rozenlab/sr110/miniforge3/envs/R/include -fdebug-prefix-map=/home/conda/feedstock_root/build_artifacts/r-base-split_1732138515749/work=/usr/local/src/conda/r-base-4.4.2 -fdebug-prefix-map=/hpc/group/rozenlab/sr110/miniforge3/envs/R=/usr/local/src/conda-prefix -fpic -fvisibility=hidden -I. -DNDEBUG -D_FORTIFY_SOURCE=2 -O2 -isystem /hpc/group/rozenlab/sr110/miniforge3/envs/R/include -I/hpc/group/rozenlab/sr110/miniforge3/envs/R/include -Wl,-rpath-link,/hpc/group/rozenlab/sr110/miniforge3/envs/R/lib -D_FILE_OFFSET_BITS=64 -c -o hfile.o hfile.c
echo '#define HTS_VERSION_TEXT "1.15.1"' > version.h
echo '#define HTS_CC "/usr/bin/gcc"' > config_vars.h
echo '#define HTS_CPPFLAGS "-DNDEBUG -D_FORTIFY_SOURCE=2 -O2 -isystem /hpc/group/rozenlab/sr110/miniforge3/envs/R/include -I/hpc/group/rozenlab/sr110/miniforge3/envs/R/include -Wl,-rpath-link,/hpc/group/rozenlab/sr110/miniforge3/envs/R/lib -D_FILE_OFFSET_BITS=64"' >> config_vars.h
echo '#define HTS_CFLAGS "-march=nocona -mtune=haswell -ftree-vectorize -fPIC -fstack-protector-strong -fno-plt -O2 -ffunction-sections -pipe -isystem /hpc/group/rozenlab/sr110/miniforge3/envs/R/include -fdebug-prefix-map=/home/conda/feedstock_root/build_artifacts/r-base-split_1732138515749/work=/usr/local/src/conda/r-base-4.4.2 -fdebug-prefix-map=/hpc/group/rozenlab/sr110/miniforge3/envs/R=/usr/local/src/conda-prefix -fpic -fvisibility=hidden"' >> config_vars.h
echo '#define HTS_LDFLAGS "-Wl,-O2 -Wl,--sort-common -Wl,--as-needed -Wl,-z,relro -Wl,-z,now -Wl,--disable-new-dtags -Wl,--gc-sections -Wl,--allow-shlib-undefined -Wl,-rpath,/hpc/group/rozenlab/sr110/miniforge3/envs/R/lib -Wl,-rpath-link,/hpc/group/rozenlab/sr110/miniforge3/envs/R/lib -L/hpc/group/rozenlab/sr110/miniforge3/envs/R/lib -fvisibility=hidden"' >> config_vars.h
echo '#define HTS_LIBS "-lz -lm -lbz2 -llzma -lcurl"' >> config_vars.h
/usr/bin/gcc -march=nocona -mtune=haswell -ftree-vectorize -fPIC -fstack-protector-strong -fno-plt -O2 -ffunction-sections -pipe -isystem /hpc/group/rozenlab/sr110/miniforge3/envs/R/include -fdebug-prefix-map=/home/conda/feedstock_root/build_artifacts/r-base-split_1732138515749/work=/usr/local/src/conda/r-base-4.4.2 -fdebug-prefix-map=/hpc/group/rozenlab/sr110/miniforge3/envs/R=/usr/local/src/conda-prefix -fpic -fvisibility=hidden -I. -DNDEBUG -D_FORTIFY_SOURCE=2 -O2 -isystem /hpc/group/rozenlab/sr110/miniforge3/envs/R/include -I/hpc/group/rozenlab/sr110/miniforge3/envs/R/include -Wl,-rpath-link,/hpc/group/rozenlab/sr110/miniforge3/envs/R/lib -D_FILE_OFFSET_BITS=64 -c -o hts.o hts.c
/usr/bin/gcc -march=nocona -mtune=haswell -ftree-vectorize -fPIC -fstack-protector-strong -fno-plt -O2 -ffunction-sections -pipe -isystem /hpc/group/rozenlab/sr110/miniforge3/envs/R/include -fdebug-prefix-map=/home/conda/feedstock_root/build_artifacts/r-base-split_1732138515749/work=/usr/local/src/conda/r-base-4.4.2 -fdebug-prefix-map=/hpc/group/rozenlab/sr110/miniforge3/envs/R=/usr/local/src/conda-prefix -fpic -fvisibility=hidden -I. -DNDEBUG -D_FORTIFY_SOURCE=2 -O2 -isystem /hpc/group/rozenlab/sr110/miniforge3/envs/R/include -I/hpc/group/rozenlab/sr110/miniforge3/envs/R/include -Wl,-rpath-link,/hpc/group/rozenlab/sr110/miniforge3/envs/R/lib -D_FILE_OFFSET_BITS=64 -c -o hts_expr.o hts_expr.c
/usr/bin/gcc -march=nocona -mtune=haswell -ftree-vectorize -fPIC -fstack-protector-strong -fno-plt -O2 -ffunction-sections -pipe -isystem /hpc/group/rozenlab/sr110/miniforge3/envs/R/include -fdebug-prefix-map=/home/conda/feedstock_root/build_artifacts/r-base-split_1732138515749/work=/usr/local/src/conda/r-base-4.4.2 -fdebug-prefix-map=/hpc/group/rozenlab/sr110/miniforge3/envs/R=/usr/local/src/conda-prefix -fpic -fvisibility=hidden -I. -DNDEBUG -D_FORTIFY_SOURCE=2 -O2 -isystem /hpc/group/rozenlab/sr110/miniforge3/envs/R/include -I/hpc/group/rozenlab/sr110/miniforge3/envs/R/include -Wl,-rpath-link,/hpc/group/rozenlab/sr110/miniforge3/envs/R/lib -D_FILE_OFFSET_BITS=64 -c -o hts_os.o hts_os.c
/usr/bin/gcc -march=nocona -mtune=haswell -ftree-vectorize -fPIC -fstack-protector-strong -fno-plt -O2 -ffunction-sections -pipe -isystem /hpc/group/rozenlab/sr110/miniforge3/envs/R/include -fdebug-prefix-map=/home/conda/feedstock_root/build_artifacts/r-base-split_1732138515749/work=/usr/local/src/conda/r-base-4.4.2 -fdebug-prefix-map=/hpc/group/rozenlab/sr110/miniforge3/envs/R=/usr/local/src/conda-prefix -fpic -fvisibility=hidden -I. -DNDEBUG -D_FORTIFY_SOURCE=2 -O2 -isystem /hpc/group/rozenlab/sr110/miniforge3/envs/R/include -I/hpc/group/rozenlab/sr110/miniforge3/envs/R/include -Wl,-rpath-link,/hpc/group/rozenlab/sr110/miniforge3/envs/R/lib -D_FILE_OFFSET_BITS=64 -c -o md5.o md5.c
/usr/bin/gcc -march=nocona -mtune=haswell -ftree-vectorize -fPIC -fstack-protector-strong -fno-plt -O2 -ffunction-sections -pipe -isystem /hpc/group/rozenlab/sr110/miniforge3/envs/R/include -fdebug-prefix-map=/home/conda/feedstock_root/build_artifacts/r-base-split_1732138515749/work=/usr/local/src/conda/r-base-4.4.2 -fdebug-prefix-map=/hpc/group/rozenlab/sr110/miniforge3/envs/R=/usr/local/src/conda-prefix -fpic -fvisibility=hidden -I. -DNDEBUG -D_FORTIFY_SOURCE=2 -O2 -isystem /hpc/group/rozenlab/sr110/miniforge3/envs/R/include -I/hpc/group/rozenlab/sr110/miniforge3/envs/R/include -Wl,-rpath-link,/hpc/group/rozenlab/sr110/miniforge3/envs/R/lib -D_FILE_OFFSET_BITS=64 -c -o multipart.o multipart.c
/usr/bin/gcc -march=nocona -mtune=haswell -ftree-vectorize -fPIC -fstack-protector-strong -fno-plt -O2 -ffunction-sections -pipe -isystem /hpc/group/rozenlab/sr110/miniforge3/envs/R/include -fdebug-prefix-map=/home/conda/feedstock_root/build_artifacts/r-base-split_1732138515749/work=/usr/local/src/conda/r-base-4.4.2 -fdebug-prefix-map=/hpc/group/rozenlab/sr110/miniforge3/envs/R=/usr/local/src/conda-prefix -fpic -fvisibility=hidden -I. -DNDEBUG -D_FORTIFY_SOURCE=2 -O2 -isystem /hpc/group/rozenlab/sr110/miniforge3/envs/R/include -I/hpc/group/rozenlab/sr110/miniforge3/envs/R/include -Wl,-rpath-link,/hpc/group/rozenlab/sr110/miniforge3/envs/R/lib -D_FILE_OFFSET_BITS=64 -c -o probaln.o probaln.c
/usr/bin/gcc -march=nocona -mtune=haswell -ftree-vectorize -fPIC -fstack-protector-strong -fno-plt -O2 -ffunction-sections -pipe -isystem /hpc/group/rozenlab/sr110/miniforge3/envs/R/include -fdebug-prefix-map=/home/conda/feedstock_root/build_artifacts/r-base-split_1732138515749/work=/usr/local/src/conda/r-base-4.4.2 -fdebug-prefix-map=/hpc/group/rozenlab/sr110/miniforge3/envs/R=/usr/local/src/conda-prefix -fpic -fvisibility=hidden -I. -DNDEBUG -D_FORTIFY_SOURCE=2 -O2 -isystem /hpc/group/rozenlab/sr110/miniforge3/envs/R/include -I/hpc/group/rozenlab/sr110/miniforge3/envs/R/include -Wl,-rpath-link,/hpc/group/rozenlab/sr110/miniforge3/envs/R/lib -D_FILE_OFFSET_BITS=64 -c -o realn.o realn.c
realn.c: In function ‘sam_prob_realn’:
realn.c:174:23: warning: writing 1 byte into a region of size 0 [-Wstringop-overflow=]
  174 |             *(zq - 3) = 'B';
      |             ~~~~~~~~~~^~~~~
realn.c:170:23: warning: writing 1 byte into a region of size 0 [-Wstringop-overflow=]
  170 |             *(bq - 3) = 'Z';
      |             ~~~~~~~~~~^~~~~
/usr/bin/gcc -march=nocona -mtune=haswell -ftree-vectorize -fPIC -fstack-protector-strong -fno-plt -O2 -ffunction-sections -pipe -isystem /hpc/group/rozenlab/sr110/miniforge3/envs/R/include -fdebug-prefix-map=/home/conda/feedstock_root/build_artifacts/r-base-split_1732138515749/work=/usr/local/src/conda/r-base-4.4.2 -fdebug-prefix-map=/hpc/group/rozenlab/sr110/miniforge3/envs/R=/usr/local/src/conda-prefix -fpic -fvisibility=hidden -I. -DNDEBUG -D_FORTIFY_SOURCE=2 -O2 -isystem /hpc/group/rozenlab/sr110/miniforge3/envs/R/include -I/hpc/group/rozenlab/sr110/miniforge3/envs/R/include -Wl,-rpath-link,/hpc/group/rozenlab/sr110/miniforge3/envs/R/lib -D_FILE_OFFSET_BITS=64 -c -o regidx.o regidx.c
/usr/bin/gcc -march=nocona -mtune=haswell -ftree-vectorize -fPIC -fstack-protector-strong -fno-plt -O2 -ffunction-sections -pipe -isystem /hpc/group/rozenlab/sr110/miniforge3/envs/R/include -fdebug-prefix-map=/home/conda/feedstock_root/build_artifacts/r-base-split_1732138515749/work=/usr/local/src/conda/r-base-4.4.2 -fdebug-prefix-map=/hpc/group/rozenlab/sr110/miniforge3/envs/R=/usr/local/src/conda-prefix -fpic -fvisibility=hidden -I. -DNDEBUG -D_FORTIFY_SOURCE=2 -O2 -isystem /hpc/group/rozenlab/sr110/miniforge3/envs/R/include -I/hpc/group/rozenlab/sr110/miniforge3/envs/R/include -Wl,-rpath-link,/hpc/group/rozenlab/sr110/miniforge3/envs/R/lib -D_FILE_OFFSET_BITS=64 -c -o region.o region.c
/usr/bin/gcc -march=nocona -mtune=haswell -ftree-vectorize -fPIC -fstack-protector-strong -fno-plt -O2 -ffunction-sections -pipe -isystem /hpc/group/rozenlab/sr110/miniforge3/envs/R/include -fdebug-prefix-map=/home/conda/feedstock_root/build_artifacts/r-base-split_1732138515749/work=/usr/local/src/conda/r-base-4.4.2 -fdebug-prefix-map=/hpc/group/rozenlab/sr110/miniforge3/envs/R=/usr/local/src/conda-prefix -fpic -fvisibility=hidden -I. -DNDEBUG -D_FORTIFY_SOURCE=2 -O2 -isystem /hpc/group/rozenlab/sr110/miniforge3/envs/R/include -I/hpc/group/rozenlab/sr110/miniforge3/envs/R/include -Wl,-rpath-link,/hpc/group/rozenlab/sr110/miniforge3/envs/R/lib -D_FILE_OFFSET_BITS=64 -c -o sam.o sam.c
/usr/bin/gcc -march=nocona -mtune=haswell -ftree-vectorize -fPIC -fstack-protector-strong -fno-plt -O2 -ffunction-sections -pipe -isystem /hpc/group/rozenlab/sr110/miniforge3/envs/R/include -fdebug-prefix-map=/home/conda/feedstock_root/build_artifacts/r-base-split_1732138515749/work=/usr/local/src/conda/r-base-4.4.2 -fdebug-prefix-map=/hpc/group/rozenlab/sr110/miniforge3/envs/R=/usr/local/src/conda-prefix -fpic -fvisibility=hidden -I. -DNDEBUG -D_FORTIFY_SOURCE=2 -O2 -isystem /hpc/group/rozenlab/sr110/miniforge3/envs/R/include -I/hpc/group/rozenlab/sr110/miniforge3/envs/R/include -Wl,-rpath-link,/hpc/group/rozenlab/sr110/miniforge3/envs/R/lib -D_FILE_OFFSET_BITS=64 -c -o synced_bcf_reader.o synced_bcf_reader.c
/usr/bin/gcc -march=nocona -mtune=haswell -ftree-vectorize -fPIC -fstack-protector-strong -fno-plt -O2 -ffunction-sections -pipe -isystem /hpc/group/rozenlab/sr110/miniforge3/envs/R/include -fdebug-prefix-map=/home/conda/feedstock_root/build_artifacts/r-base-split_1732138515749/work=/usr/local/src/conda/r-base-4.4.2 -fdebug-prefix-map=/hpc/group/rozenlab/sr110/miniforge3/envs/R=/usr/local/src/conda-prefix -fpic -fvisibility=hidden -I. -DNDEBUG -D_FORTIFY_SOURCE=2 -O2 -isystem /hpc/group/rozenlab/sr110/miniforge3/envs/R/include -I/hpc/group/rozenlab/sr110/miniforge3/envs/R/include -Wl,-rpath-link,/hpc/group/rozenlab/sr110/miniforge3/envs/R/lib -D_FILE_OFFSET_BITS=64 -c -o vcf_sweep.o vcf_sweep.c
/usr/bin/gcc -march=nocona -mtune=haswell -ftree-vectorize -fPIC -fstack-protector-strong -fno-plt -O2 -ffunction-sections -pipe -isystem /hpc/group/rozenlab/sr110/miniforge3/envs/R/include -fdebug-prefix-map=/home/conda/feedstock_root/build_artifacts/r-base-split_1732138515749/work=/usr/local/src/conda/r-base-4.4.2 -fdebug-prefix-map=/hpc/group/rozenlab/sr110/miniforge3/envs/R=/usr/local/src/conda-prefix -fpic -fvisibility=hidden -I. -DNDEBUG -D_FORTIFY_SOURCE=2 -O2 -isystem /hpc/group/rozenlab/sr110/miniforge3/envs/R/include -I/hpc/group/rozenlab/sr110/miniforge3/envs/R/include -Wl,-rpath-link,/hpc/group/rozenlab/sr110/miniforge3/envs/R/lib -D_FILE_OFFSET_BITS=64 -c -o tbx.o tbx.c
/usr/bin/gcc -march=nocona -mtune=haswell -ftree-vectorize -fPIC -fstack-protector-strong -fno-plt -O2 -ffunction-sections -pipe -isystem /hpc/group/rozenlab/sr110/miniforge3/envs/R/include -fdebug-prefix-map=/home/conda/feedstock_root/build_artifacts/r-base-split_1732138515749/work=/usr/local/src/conda/r-base-4.4.2 -fdebug-prefix-map=/hpc/group/rozenlab/sr110/miniforge3/envs/R=/usr/local/src/conda-prefix -fpic -fvisibility=hidden -I. -DNDEBUG -D_FORTIFY_SOURCE=2 -O2 -isystem /hpc/group/rozenlab/sr110/miniforge3/envs/R/include -I/hpc/group/rozenlab/sr110/miniforge3/envs/R/include -Wl,-rpath-link,/hpc/group/rozenlab/sr110/miniforge3/envs/R/lib -D_FILE_OFFSET_BITS=64 -c -o textutils.o textutils.c
/usr/bin/gcc -march=nocona -mtune=haswell -ftree-vectorize -fPIC -fstack-protector-strong -fno-plt -O2 -ffunction-sections -pipe -isystem /hpc/group/rozenlab/sr110/miniforge3/envs/R/include -fdebug-prefix-map=/home/conda/feedstock_root/build_artifacts/r-base-split_1732138515749/work=/usr/local/src/conda/r-base-4.4.2 -fdebug-prefix-map=/hpc/group/rozenlab/sr110/miniforge3/envs/R=/usr/local/src/conda-prefix -fpic -fvisibility=hidden -I. -DNDEBUG -D_FORTIFY_SOURCE=2 -O2 -isystem /hpc/group/rozenlab/sr110/miniforge3/envs/R/include -I/hpc/group/rozenlab/sr110/miniforge3/envs/R/include -Wl,-rpath-link,/hpc/group/rozenlab/sr110/miniforge3/envs/R/lib -D_FILE_OFFSET_BITS=64 -c -o thread_pool.o thread_pool.c
/usr/bin/gcc -march=nocona -mtune=haswell -ftree-vectorize -fPIC -fstack-protector-strong -fno-plt -O2 -ffunction-sections -pipe -isystem /hpc/group/rozenlab/sr110/miniforge3/envs/R/include -fdebug-prefix-map=/home/conda/feedstock_root/build_artifacts/r-base-split_1732138515749/work=/usr/local/src/conda/r-base-4.4.2 -fdebug-prefix-map=/hpc/group/rozenlab/sr110/miniforge3/envs/R=/usr/local/src/conda-prefix -fpic -fvisibility=hidden -I. -DNDEBUG -D_FORTIFY_SOURCE=2 -O2 -isystem /hpc/group/rozenlab/sr110/miniforge3/envs/R/include -I/hpc/group/rozenlab/sr110/miniforge3/envs/R/include -Wl,-rpath-link,/hpc/group/rozenlab/sr110/miniforge3/envs/R/lib -D_FILE_OFFSET_BITS=64 -c -o vcf.o vcf.c
/usr/bin/gcc -march=nocona -mtune=haswell -ftree-vectorize -fPIC -fstack-protector-strong -fno-plt -O2 -ffunction-sections -pipe -isystem /hpc/group/rozenlab/sr110/miniforge3/envs/R/include -fdebug-prefix-map=/home/conda/feedstock_root/build_artifacts/r-base-split_1732138515749/work=/usr/local/src/conda/r-base-4.4.2 -fdebug-prefix-map=/hpc/group/rozenlab/sr110/miniforge3/envs/R=/usr/local/src/conda-prefix -fpic -fvisibility=hidden -I. -DNDEBUG -D_FORTIFY_SOURCE=2 -O2 -isystem /hpc/group/rozenlab/sr110/miniforge3/envs/R/include -I/hpc/group/rozenlab/sr110/miniforge3/envs/R/include -Wl,-rpath-link,/hpc/group/rozenlab/sr110/miniforge3/envs/R/lib -D_FILE_OFFSET_BITS=64 -c -o vcfutils.o vcfutils.c
/usr/bin/gcc -march=nocona -mtune=haswell -ftree-vectorize -fPIC -fstack-protector-strong -fno-plt -O2 -ffunction-sections -pipe -isystem /hpc/group/rozenlab/sr110/miniforge3/envs/R/include -fdebug-prefix-map=/home/conda/feedstock_root/build_artifacts/r-base-split_1732138515749/work=/usr/local/src/conda/r-base-4.4.2 -fdebug-prefix-map=/hpc/group/rozenlab/sr110/miniforge3/envs/R=/usr/local/src/conda-prefix -fpic -fvisibility=hidden -I. -DNDEBUG -D_FORTIFY_SOURCE=2 -O2 -isystem /hpc/group/rozenlab/sr110/miniforge3/envs/R/include -I/hpc/group/rozenlab/sr110/miniforge3/envs/R/include -Wl,-rpath-link,/hpc/group/rozenlab/sr110/miniforge3/envs/R/lib -D_FILE_OFFSET_BITS=64 -c -o cram/cram_codecs.o cram/cram_codecs.c
/usr/bin/gcc -march=nocona -mtune=haswell -ftree-vectorize -fPIC -fstack-protector-strong -fno-plt -O2 -ffunction-sections -pipe -isystem /hpc/group/rozenlab/sr110/miniforge3/envs/R/include -fdebug-prefix-map=/home/conda/feedstock_root/build_artifacts/r-base-split_1732138515749/work=/usr/local/src/conda/r-base-4.4.2 -fdebug-prefix-map=/hpc/group/rozenlab/sr110/miniforge3/envs/R=/usr/local/src/conda-prefix -fpic -fvisibility=hidden -I. -DNDEBUG -D_FORTIFY_SOURCE=2 -O2 -isystem /hpc/group/rozenlab/sr110/miniforge3/envs/R/include -I/hpc/group/rozenlab/sr110/miniforge3/envs/R/include -Wl,-rpath-link,/hpc/group/rozenlab/sr110/miniforge3/envs/R/lib -D_FILE_OFFSET_BITS=64 -c -o cram/cram_decode.o cram/cram_decode.c
/usr/bin/gcc -march=nocona -mtune=haswell -ftree-vectorize -fPIC -fstack-protector-strong -fno-plt -O2 -ffunction-sections -pipe -isystem /hpc/group/rozenlab/sr110/miniforge3/envs/R/include -fdebug-prefix-map=/home/conda/feedstock_root/build_artifacts/r-base-split_1732138515749/work=/usr/local/src/conda/r-base-4.4.2 -fdebug-prefix-map=/hpc/group/rozenlab/sr110/miniforge3/envs/R=/usr/local/src/conda-prefix -fpic -fvisibility=hidden -I. -DNDEBUG -D_FORTIFY_SOURCE=2 -O2 -isystem /hpc/group/rozenlab/sr110/miniforge3/envs/R/include -I/hpc/group/rozenlab/sr110/miniforge3/envs/R/include -Wl,-rpath-link,/hpc/group/rozenlab/sr110/miniforge3/envs/R/lib -D_FILE_OFFSET_BITS=64 -c -o cram/cram_encode.o cram/cram_encode.c
/usr/bin/gcc -march=nocona -mtune=haswell -ftree-vectorize -fPIC -fstack-protector-strong -fno-plt -O2 -ffunction-sections -pipe -isystem /hpc/group/rozenlab/sr110/miniforge3/envs/R/include -fdebug-prefix-map=/home/conda/feedstock_root/build_artifacts/r-base-split_1732138515749/work=/usr/local/src/conda/r-base-4.4.2 -fdebug-prefix-map=/hpc/group/rozenlab/sr110/miniforge3/envs/R=/usr/local/src/conda-prefix -fpic -fvisibility=hidden -I. -DNDEBUG -D_FORTIFY_SOURCE=2 -O2 -isystem /hpc/group/rozenlab/sr110/miniforge3/envs/R/include -I/hpc/group/rozenlab/sr110/miniforge3/envs/R/include -Wl,-rpath-link,/hpc/group/rozenlab/sr110/miniforge3/envs/R/lib -D_FILE_OFFSET_BITS=64 -c -o cram/cram_external.o cram/cram_external.c
/usr/bin/gcc -march=nocona -mtune=haswell -ftree-vectorize -fPIC -fstack-protector-strong -fno-plt -O2 -ffunction-sections -pipe -isystem /hpc/group/rozenlab/sr110/miniforge3/envs/R/include -fdebug-prefix-map=/home/conda/feedstock_root/build_artifacts/r-base-split_1732138515749/work=/usr/local/src/conda/r-base-4.4.2 -fdebug-prefix-map=/hpc/group/rozenlab/sr110/miniforge3/envs/R=/usr/local/src/conda-prefix -fpic -fvisibility=hidden -I. -DNDEBUG -D_FORTIFY_SOURCE=2 -O2 -isystem /hpc/group/rozenlab/sr110/miniforge3/envs/R/include -I/hpc/group/rozenlab/sr110/miniforge3/envs/R/include -Wl,-rpath-link,/hpc/group/rozenlab/sr110/miniforge3/envs/R/lib -D_FILE_OFFSET_BITS=64 -c -o cram/cram_index.o cram/cram_index.c
/usr/bin/gcc -march=nocona -mtune=haswell -ftree-vectorize -fPIC -fstack-protector-strong -fno-plt -O2 -ffunction-sections -pipe -isystem /hpc/group/rozenlab/sr110/miniforge3/envs/R/include -fdebug-prefix-map=/home/conda/feedstock_root/build_artifacts/r-base-split_1732138515749/work=/usr/local/src/conda/r-base-4.4.2 -fdebug-prefix-map=/hpc/group/rozenlab/sr110/miniforge3/envs/R=/usr/local/src/conda-prefix -fpic -fvisibility=hidden -I. -DNDEBUG -D_FORTIFY_SOURCE=2 -O2 -isystem /hpc/group/rozenlab/sr110/miniforge3/envs/R/include -I/hpc/group/rozenlab/sr110/miniforge3/envs/R/include -Wl,-rpath-link,/hpc/group/rozenlab/sr110/miniforge3/envs/R/lib -D_FILE_OFFSET_BITS=64 -c -o cram/cram_io.o cram/cram_io.c
/usr/bin/gcc -march=nocona -mtune=haswell -ftree-vectorize -fPIC -fstack-protector-strong -fno-plt -O2 -ffunction-sections -pipe -isystem /hpc/group/rozenlab/sr110/miniforge3/envs/R/include -fdebug-prefix-map=/home/conda/feedstock_root/build_artifacts/r-base-split_1732138515749/work=/usr/local/src/conda/r-base-4.4.2 -fdebug-prefix-map=/hpc/group/rozenlab/sr110/miniforge3/envs/R=/usr/local/src/conda-prefix -fpic -fvisibility=hidden -I. -DNDEBUG -D_FORTIFY_SOURCE=2 -O2 -isystem /hpc/group/rozenlab/sr110/miniforge3/envs/R/include -I/hpc/group/rozenlab/sr110/miniforge3/envs/R/include -Wl,-rpath-link,/hpc/group/rozenlab/sr110/miniforge3/envs/R/lib -D_FILE_OFFSET_BITS=64 -c -o cram/cram_stats.o cram/cram_stats.c
/usr/bin/gcc -march=nocona -mtune=haswell -ftree-vectorize -fPIC -fstack-protector-strong -fno-plt -O2 -ffunction-sections -pipe -isystem /hpc/group/rozenlab/sr110/miniforge3/envs/R/include -fdebug-prefix-map=/home/conda/feedstock_root/build_artifacts/r-base-split_1732138515749/work=/usr/local/src/conda/r-base-4.4.2 -fdebug-prefix-map=/hpc/group/rozenlab/sr110/miniforge3/envs/R=/usr/local/src/conda-prefix -fpic -fvisibility=hidden -I. -DNDEBUG -D_FORTIFY_SOURCE=2 -O2 -isystem /hpc/group/rozenlab/sr110/miniforge3/envs/R/include -I/hpc/group/rozenlab/sr110/miniforge3/envs/R/include -Wl,-rpath-link,/hpc/group/rozenlab/sr110/miniforge3/envs/R/lib -D_FILE_OFFSET_BITS=64 -c -o cram/mFILE.o cram/mFILE.c
/usr/bin/gcc -march=nocona -mtune=haswell -ftree-vectorize -fPIC -fstack-protector-strong -fno-plt -O2 -ffunction-sections -pipe -isystem /hpc/group/rozenlab/sr110/miniforge3/envs/R/include -fdebug-prefix-map=/home/conda/feedstock_root/build_artifacts/r-base-split_1732138515749/work=/usr/local/src/conda/r-base-4.4.2 -fdebug-prefix-map=/hpc/group/rozenlab/sr110/miniforge3/envs/R=/usr/local/src/conda-prefix -fpic -fvisibility=hidden -I. -DNDEBUG -D_FORTIFY_SOURCE=2 -O2 -isystem /hpc/group/rozenlab/sr110/miniforge3/envs/R/include -I/hpc/group/rozenlab/sr110/miniforge3/envs/R/include -Wl,-rpath-link,/hpc/group/rozenlab/sr110/miniforge3/envs/R/lib -D_FILE_OFFSET_BITS=64 -c -o cram/open_trace_file.o cram/open_trace_file.c
/usr/bin/gcc -march=nocona -mtune=haswell -ftree-vectorize -fPIC -fstack-protector-strong -fno-plt -O2 -ffunction-sections -pipe -isystem /hpc/group/rozenlab/sr110/miniforge3/envs/R/include -fdebug-prefix-map=/home/conda/feedstock_root/build_artifacts/r-base-split_1732138515749/work=/usr/local/src/conda/r-base-4.4.2 -fdebug-prefix-map=/hpc/group/rozenlab/sr110/miniforge3/envs/R=/usr/local/src/conda-prefix -fpic -fvisibility=hidden -I. -DNDEBUG -D_FORTIFY_SOURCE=2 -O2 -isystem /hpc/group/rozenlab/sr110/miniforge3/envs/R/include -I/hpc/group/rozenlab/sr110/miniforge3/envs/R/include -Wl,-rpath-link,/hpc/group/rozenlab/sr110/miniforge3/envs/R/lib -D_FILE_OFFSET_BITS=64 -c -o cram/pooled_alloc.o cram/pooled_alloc.c
/usr/bin/gcc -march=nocona -mtune=haswell -ftree-vectorize -fPIC -fstack-protector-strong -fno-plt -O2 -ffunction-sections -pipe -isystem /hpc/group/rozenlab/sr110/miniforge3/envs/R/include -fdebug-prefix-map=/home/conda/feedstock_root/build_artifacts/r-base-split_1732138515749/work=/usr/local/src/conda/r-base-4.4.2 -fdebug-prefix-map=/hpc/group/rozenlab/sr110/miniforge3/envs/R=/usr/local/src/conda-prefix -fpic -fvisibility=hidden -I. -DNDEBUG -D_FORTIFY_SOURCE=2 -O2 -isystem /hpc/group/rozenlab/sr110/miniforge3/envs/R/include -I/hpc/group/rozenlab/sr110/miniforge3/envs/R/include -Wl,-rpath-link,/hpc/group/rozenlab/sr110/miniforge3/envs/R/lib -D_FILE_OFFSET_BITS=64 -c -o cram/string_alloc.o cram/string_alloc.c
/usr/bin/gcc -march=nocona -mtune=haswell -ftree-vectorize -fPIC -fstack-protector-strong -fno-plt -O2 -ffunction-sections -pipe -isystem /hpc/group/rozenlab/sr110/miniforge3/envs/R/include -fdebug-prefix-map=/home/conda/feedstock_root/build_artifacts/r-base-split_1732138515749/work=/usr/local/src/conda/r-base-4.4.2 -fdebug-prefix-map=/hpc/group/rozenlab/sr110/miniforge3/envs/R=/usr/local/src/conda-prefix -fpic -fvisibility=hidden -I. -DNDEBUG -D_FORTIFY_SOURCE=2 -O2 -isystem /hpc/group/rozenlab/sr110/miniforge3/envs/R/include -I/hpc/group/rozenlab/sr110/miniforge3/envs/R/include -Wl,-rpath-link,/hpc/group/rozenlab/sr110/miniforge3/envs/R/lib -D_FILE_OFFSET_BITS=64 -c -o htscodecs/htscodecs/arith_dynamic.o htscodecs/htscodecs/arith_dynamic.c
/usr/bin/gcc -march=nocona -mtune=haswell -ftree-vectorize -fPIC -fstack-protector-strong -fno-plt -O2 -ffunction-sections -pipe -isystem /hpc/group/rozenlab/sr110/miniforge3/envs/R/include -fdebug-prefix-map=/home/conda/feedstock_root/build_artifacts/r-base-split_1732138515749/work=/usr/local/src/conda/r-base-4.4.2 -fdebug-prefix-map=/hpc/group/rozenlab/sr110/miniforge3/envs/R=/usr/local/src/conda-prefix -fpic -fvisibility=hidden -I. -DNDEBUG -D_FORTIFY_SOURCE=2 -O2 -isystem /hpc/group/rozenlab/sr110/miniforge3/envs/R/include -I/hpc/group/rozenlab/sr110/miniforge3/envs/R/include -Wl,-rpath-link,/hpc/group/rozenlab/sr110/miniforge3/envs/R/lib -D_FILE_OFFSET_BITS=64 -c -o htscodecs/htscodecs/fqzcomp_qual.o htscodecs/htscodecs/fqzcomp_qual.c
/usr/bin/gcc -march=nocona -mtune=haswell -ftree-vectorize -fPIC -fstack-protector-strong -fno-plt -O2 -ffunction-sections -pipe -isystem /hpc/group/rozenlab/sr110/miniforge3/envs/R/include -fdebug-prefix-map=/home/conda/feedstock_root/build_artifacts/r-base-split_1732138515749/work=/usr/local/src/conda/r-base-4.4.2 -fdebug-prefix-map=/hpc/group/rozenlab/sr110/miniforge3/envs/R=/usr/local/src/conda-prefix -fpic -fvisibility=hidden -I. -DNDEBUG -D_FORTIFY_SOURCE=2 -O2 -isystem /hpc/group/rozenlab/sr110/miniforge3/envs/R/include -I/hpc/group/rozenlab/sr110/miniforge3/envs/R/include -Wl,-rpath-link,/hpc/group/rozenlab/sr110/miniforge3/envs/R/lib -D_FILE_OFFSET_BITS=64 -c -o htscodecs/htscodecs/htscodecs.o htscodecs/htscodecs/htscodecs.c
/usr/bin/gcc -march=nocona -mtune=haswell -ftree-vectorize -fPIC -fstack-protector-strong -fno-plt -O2 -ffunction-sections -pipe -isystem /hpc/group/rozenlab/sr110/miniforge3/envs/R/include -fdebug-prefix-map=/home/conda/feedstock_root/build_artifacts/r-base-split_1732138515749/work=/usr/local/src/conda/r-base-4.4.2 -fdebug-prefix-map=/hpc/group/rozenlab/sr110/miniforge3/envs/R=/usr/local/src/conda-prefix -fpic -fvisibility=hidden -I. -DNDEBUG -D_FORTIFY_SOURCE=2 -O2 -isystem /hpc/group/rozenlab/sr110/miniforge3/envs/R/include -I/hpc/group/rozenlab/sr110/miniforge3/envs/R/include -Wl,-rpath-link,/hpc/group/rozenlab/sr110/miniforge3/envs/R/lib -D_FILE_OFFSET_BITS=64 -c -o htscodecs/htscodecs/pack.o htscodecs/htscodecs/pack.c
/usr/bin/gcc -march=nocona -mtune=haswell -ftree-vectorize -fPIC -fstack-protector-strong -fno-plt -O2 -ffunction-sections -pipe -isystem /hpc/group/rozenlab/sr110/miniforge3/envs/R/include -fdebug-prefix-map=/home/conda/feedstock_root/build_artifacts/r-base-split_1732138515749/work=/usr/local/src/conda/r-base-4.4.2 -fdebug-prefix-map=/hpc/group/rozenlab/sr110/miniforge3/envs/R=/usr/local/src/conda-prefix -fpic -fvisibility=hidden -I. -DNDEBUG -D_FORTIFY_SOURCE=2 -O2 -isystem /hpc/group/rozenlab/sr110/miniforge3/envs/R/include -I/hpc/group/rozenlab/sr110/miniforge3/envs/R/include -Wl,-rpath-link,/hpc/group/rozenlab/sr110/miniforge3/envs/R/lib -D_FILE_OFFSET_BITS=64 -c -o htscodecs/htscodecs/rANS_static4x16pr.o htscodecs/htscodecs/rANS_static4x16pr.c
/usr/bin/gcc -march=nocona -mtune=haswell -ftree-vectorize -fPIC -fstack-protector-strong -fno-plt -O2 -ffunction-sections -pipe -isystem /hpc/group/rozenlab/sr110/miniforge3/envs/R/include -fdebug-prefix-map=/home/conda/feedstock_root/build_artifacts/r-base-split_1732138515749/work=/usr/local/src/conda/r-base-4.4.2 -fdebug-prefix-map=/hpc/group/rozenlab/sr110/miniforge3/envs/R=/usr/local/src/conda-prefix -fpic -fvisibility=hidden -I. -DNDEBUG -D_FORTIFY_SOURCE=2 -O2 -isystem /hpc/group/rozenlab/sr110/miniforge3/envs/R/include -I/hpc/group/rozenlab/sr110/miniforge3/envs/R/include -Wl,-rpath-link,/hpc/group/rozenlab/sr110/miniforge3/envs/R/lib -D_FILE_OFFSET_BITS=64 -c -o htscodecs/htscodecs/rANS_static.o htscodecs/htscodecs/rANS_static.c
/usr/bin/gcc -march=nocona -mtune=haswell -ftree-vectorize -fPIC -fstack-protector-strong -fno-plt -O2 -ffunction-sections -pipe -isystem /hpc/group/rozenlab/sr110/miniforge3/envs/R/include -fdebug-prefix-map=/home/conda/feedstock_root/build_artifacts/r-base-split_1732138515749/work=/usr/local/src/conda/r-base-4.4.2 -fdebug-prefix-map=/hpc/group/rozenlab/sr110/miniforge3/envs/R=/usr/local/src/conda-prefix -fpic -fvisibility=hidden -I. -DNDEBUG -D_FORTIFY_SOURCE=2 -O2 -isystem /hpc/group/rozenlab/sr110/miniforge3/envs/R/include -I/hpc/group/rozenlab/sr110/miniforge3/envs/R/include -Wl,-rpath-link,/hpc/group/rozenlab/sr110/miniforge3/envs/R/lib -D_FILE_OFFSET_BITS=64 -c -o htscodecs/htscodecs/rle.o htscodecs/htscodecs/rle.c
/usr/bin/gcc -march=nocona -mtune=haswell -ftree-vectorize -fPIC -fstack-protector-strong -fno-plt -O2 -ffunction-sections -pipe -isystem /hpc/group/rozenlab/sr110/miniforge3/envs/R/include -fdebug-prefix-map=/home/conda/feedstock_root/build_artifacts/r-base-split_1732138515749/work=/usr/local/src/conda/r-base-4.4.2 -fdebug-prefix-map=/hpc/group/rozenlab/sr110/miniforge3/envs/R=/usr/local/src/conda-prefix -fpic -fvisibility=hidden -I. -DNDEBUG -D_FORTIFY_SOURCE=2 -O2 -isystem /hpc/group/rozenlab/sr110/miniforge3/envs/R/include -I/hpc/group/rozenlab/sr110/miniforge3/envs/R/include -Wl,-rpath-link,/hpc/group/rozenlab/sr110/miniforge3/envs/R/lib -D_FILE_OFFSET_BITS=64 -c -o htscodecs/htscodecs/tokenise_name3.o htscodecs/htscodecs/tokenise_name3.c
/usr/bin/gcc -march=nocona -mtune=haswell -ftree-vectorize -fPIC -fstack-protector-strong -fno-plt -O2 -ffunction-sections -pipe -isystem /hpc/group/rozenlab/sr110/miniforge3/envs/R/include -fdebug-prefix-map=/home/conda/feedstock_root/build_artifacts/r-base-split_1732138515749/work=/usr/local/src/conda/r-base-4.4.2 -fdebug-prefix-map=/hpc/group/rozenlab/sr110/miniforge3/envs/R=/usr/local/src/conda-prefix -fpic -fvisibility=hidden -I. -DNDEBUG -D_FORTIFY_SOURCE=2 -O2 -isystem /hpc/group/rozenlab/sr110/miniforge3/envs/R/include -I/hpc/group/rozenlab/sr110/miniforge3/envs/R/include -Wl,-rpath-link,/hpc/group/rozenlab/sr110/miniforge3/envs/R/lib -D_FILE_OFFSET_BITS=64 -c -o hfile_libcurl.o hfile_libcurl.c
x86_64-conda-linux-gnu-ar -rc libhts.a kfunc.o kstring.o bcf_sr_sort.o bgzf.o errmod.o faidx.o header.o hfile.o hts.o hts_expr.o hts_os.o md5.o multipart.o probaln.o realn.o regidx.o region.o sam.o synced_bcf_reader.o vcf_sweep.o tbx.o textutils.o thread_pool.o vcf.o vcfutils.o cram/cram_codecs.o cram/cram_decode.o cram/cram_encode.o cram/cram_external.o cram/cram_index.o cram/cram_io.o cram/cram_stats.o cram/mFILE.o cram/open_trace_file.o cram/pooled_alloc.o cram/string_alloc.o htscodecs/htscodecs/arith_dynamic.o htscodecs/htscodecs/fqzcomp_qual.o htscodecs/htscodecs/htscodecs.o htscodecs/htscodecs/pack.o htscodecs/htscodecs/rANS_static4x16pr.o htscodecs/htscodecs/rANS_static.o htscodecs/htscodecs/rle.o htscodecs/htscodecs/tokenise_name3.o hfile_libcurl.o
make[1]: x86_64-conda-linux-gnu-ar: No such file or directory
make[1]: *** [Makefile.Rhtslib:271: libhts.a] Error 127
make[1]: Leaving directory '/tmp/Rtmp0N8zQW/R.INSTALL829931b091ca9/Rhtslib/src/htslib-1.15.1'
make: *** [Makevars.common:22: htslib] Error 2
ERROR: compilation failed for package ‘Rhtslib’
* removing ‘/hpc/group/rozenlab/sr110/miniforge3/envs/R/lib/R/library/Rhtslib’
ERROR: dependency ‘Rhtslib’ is not available for package ‘Rsamtools’
* removing ‘/hpc/group/rozenlab/sr110/miniforge3/envs/R/lib/R/library/Rsamtools’
ERROR: dependency ‘Rsamtools’ is not available for package ‘GenomicAlignments’
* removing ‘/hpc/group/rozenlab/sr110/miniforge3/envs/R/lib/R/library/GenomicAlignments’
ERROR: dependencies ‘Rsamtools’, ‘GenomicAlignments’ are not available for package ‘rtracklayer’
* removing ‘/hpc/group/rozenlab/sr110/miniforge3/envs/R/lib/R/library/rtracklayer’
ERROR: dependencies ‘rtracklayer’, ‘Rsamtools’ are not available for package ‘BSgenome’
* removing ‘/hpc/group/rozenlab/sr110/miniforge3/envs/R/lib/R/library/BSgenome’

The downloaded source packages are in
	‘/tmp/Rtmp7pMSgN/downloaded_packages’
Updating HTML index of packages in '.Library'
Making 'packages.html' ... done
── R CMD build ─────────────────────────────────────────────────────────────────
* checking for file ‘/tmp/Rtmp7pMSgN/remotes814c12cc2588e/steverozen-ICAMS-a6dccbf/DESCRIPTION’ ... OK
* preparing ‘ICAMS’:
* checking DESCRIPTION meta-information ... OK
* checking for LF line-endings in source and make files and shell scripts
* checking for empty or unneeded directories
* building ‘ICAMS_3.0.6.tar.gz’
Warning: invalid uid value replaced by that for user 'nobody'
Warning: invalid gid value replaced by that for user 'nobody'

ERROR: dependency ‘BSgenome’ is not available for package ‘ICAMS’
* removing ‘/hpc/group/rozenlab/sr110/miniforge3/envs/R/lib/R/library/ICAMS’
Installing 1 packages: nloptr
trying URL 'https://cloud.r-project.org/src/contrib/nloptr_2.2.1.tar.gz'
Content type 'application/x-gzip' length 2253853 bytes (2.1 MB)
==================================================
downloaded 2.1 MB

* installing *source* package ‘nloptr’ ...
** package ‘nloptr’ successfully unpacked and MD5 sums checked
** using staged installation
checking whether the C++ compiler works... yes
checking for C++ compiler default output file name... a.out
checking for suffix of executables... 
checking whether we are cross compiling... no
checking for suffix of object files... o
checking whether the compiler supports GNU C++... yes
checking whether /usr/bin/g++ accepts -g... yes
checking for /usr/bin/g++ option to enable C++11 features... none needed
checking how to run the C++ preprocessor... /usr/bin/g++ -E
checking whether the compiler supports GNU C++... (cached) yes
checking whether /usr/bin/g++ accepts -g... (cached) yes
checking for /usr/bin/g++ option to enable C++11 features... (cached) none needed
checking for pkg-config... /usr/bin/pkg-config
checking if pkg-config knows NLopt... no
checking for cmake... no

------------------ CMAKE NOT FOUND --------------------

CMake was not found on the PATH. Please install CMake:

 - sudo yum install cmake          (Fedora/CentOS; inside a terminal)
 - sudo apt install cmake          (Debian/Ubuntu; inside a terminal).
 - sudo pacman -S cmake            (Arch Linux; inside a terminal).
 - brew install --cask cmake       (MacOS; inside a terminal with Homebrew)
 - sudo port install cmake         (MacOS; inside a terminal with MacPorts)

Alternatively install CMake from: <https://cmake.org/>

-------------------------------------------------------

ERROR: configuration failed for package ‘nloptr’
* removing ‘/hpc/group/rozenlab/sr110/miniforge3/envs/R/lib/R/library/nloptr’

The downloaded source packages are in
	‘/tmp/Rtmp7pMSgN/downloaded_packages’
Updating HTML index of packages in '.Library'
Making 'packages.html' ... done
Downloading GitHub repo steverozen/ICAMS@v3.0.6-branch
Skipping ICAMS, it is already being installed
── R CMD build ─────────────────────────────────────────────────────────────────
* checking for file ‘/tmp/Rtmp7pMSgN/remotes814c11d4b59ee/steverozen-mSigAct-ab45c77/DESCRIPTION’ ... OK
* preparing ‘mSigAct’:
* checking DESCRIPTION meta-information ... OK
* checking for LF line-endings in source and make files and shell scripts
* checking for empty or unneeded directories
* looking to see if a ‘data/datalist’ file should be added
* building ‘mSigAct_3.0.3.tar.gz’
Warning: invalid uid value replaced by that for user 'nobody'
Warning: invalid gid value replaced by that for user 'nobody'

ERROR: dependencies ‘ICAMS’, ‘nloptr’ are not available for package ‘mSigAct’
* removing ‘/hpc/group/rozenlab/sr110/miniforge3/envs/R/lib/R/library/mSigAct’
Warning messages:
1: In i.p(...) :
  installation of package ‘Rhtslib’ had non-zero exit status
2: In i.p(...) :
  installation of package ‘Rsamtools’ had non-zero exit status
3: In i.p(...) :
  installation of package ‘GenomicAlignments’ had non-zero exit status
4: In i.p(...) :
  installation of package ‘rtracklayer’ had non-zero exit status
5: In i.p(...) :
  installation of package ‘BSgenome’ had non-zero exit status
6: In i.p(...) :
  installation of package ‘/tmp/Rtmp7pMSgN/file814c143d7522/ICAMS_3.0.6.tar.gz’ had non-zero exit status
7: In i.p(...) : installation of package ‘nloptr’ had non-zero exit status
8: In i.p(...) :
  installation of package ‘/tmp/Rtmp7pMSgN/file814c129fb8b14/mSigAct_3.0.3.tar.gz’ had non-zero exit status
Using GitHub PAT from the git credential store.
Skipping install of 'mSigTools' from a github remote, the SHA1 (49ca85b0) has not changed since last install.
  Use `force = TRUE` to force installation
libPaths: /hpc/home/sr110/R/x86_64-pc-linux-gnu-library/4.4, /hpc/group/rozenlab/sr110/miniforge3/envs/R/lib/R/library 
ICAMS: TRUE 
nloptr available: FALSE 
Installing package into ‘/hpc/home/sr110/R/x86_64-pc-linux-gnu-library/4.4’
(as ‘lib’ is unspecified)
trying URL 'https://cloud.r-project.org/src/contrib/nloptr_2.2.1.tar.gz'
Content type 'application/x-gzip' length 2253853 bytes (2.1 MB)
==================================================
downloaded 2.1 MB

* installing *source* package ‘nloptr’ ...
** package ‘nloptr’ successfully unpacked and MD5 sums checked
** using staged installation
checking whether the C++ compiler works... yes
checking for C++ compiler default output file name... a.out
checking for suffix of executables... 
checking whether we are cross compiling... no
checking for suffix of object files... o
checking whether the compiler supports GNU C++... yes
checking whether /usr/bin/g++ accepts -g... yes
checking for /usr/bin/g++ option to enable C++11 features... none needed
checking how to run the C++ preprocessor... /usr/bin/g++ -E
checking whether the compiler supports GNU C++... (cached) yes
checking whether /usr/bin/g++ accepts -g... (cached) yes
checking for /usr/bin/g++ option to enable C++11 features... (cached) none needed
checking for pkg-config... /usr/bin/pkg-config
checking if pkg-config knows NLopt... no
checking for cmake... no

------------------ CMAKE NOT FOUND --------------------

CMake was not found on the PATH. Please install CMake:

 - sudo yum install cmake          (Fedora/CentOS; inside a terminal)
 - sudo apt install cmake          (Debian/Ubuntu; inside a terminal).
 - sudo pacman -S cmake            (Arch Linux; inside a terminal).
 - brew install --cask cmake       (MacOS; inside a terminal with Homebrew)
 - sudo port install cmake         (MacOS; inside a terminal with MacPorts)

Alternatively install CMake from: <https://cmake.org/>

-------------------------------------------------------

ERROR: configuration failed for package ‘nloptr’
* removing ‘/hpc/home/sr110/R/x86_64-pc-linux-gnu-library/4.4/nloptr’

The downloaded source packages are in
	‘/tmp/RtmpC8rGL7/downloaded_packages’
Warning message:
In install.packages("nloptr", repos = "https://cloud.r-project.org") :
  installation of package ‘nloptr’ had non-zero exit status
Using GitHub PAT from the git credential store.
Downloading GitHub repo steverozen/SynSigGen@HEAD
Downloading GitHub repo steverozen/ICAMSxtra@v0.1.0
── R CMD build ─────────────────────────────────────────────────────────────────
* checking for file ‘/tmp/RtmpC8rGL7/remotes86d882ada2fc7/steverozen-ICAMSxtra-066c096/DESCRIPTION’ ... OK
* preparing ‘ICAMSxtra’:
* checking DESCRIPTION meta-information ... OK
* checking for LF line-endings in source and make files and shell scripts
* checking for empty or unneeded directories
* building ‘ICAMSxtra_0.1.0.tar.gz’
Warning: invalid uid value replaced by that for user 'nobody'
Warning: invalid gid value replaced by that for user 'nobody'

Installing package into ‘/hpc/home/sr110/R/x86_64-pc-linux-gnu-library/4.4’
(as ‘lib’ is unspecified)
* installing *source* package ‘ICAMSxtra’ ...
** using staged installation
** R
** data
*** moving datasets to lazyload DB
** inst
** byte-compile and prepare package for lazy loading
Error in loadNamespace(i, c(lib.loc, .libPaths()), versionCheck = vI[[i]]) : 
  there is no package called ‘rtracklayer’
Calls: <Anonymous> ... loadNamespace -> withRestarts -> withOneRestart -> doWithOneRestart
Execution halted
ERROR: lazy loading failed for package ‘ICAMSxtra’
* removing ‘/hpc/home/sr110/R/x86_64-pc-linux-gnu-library/4.4/ICAMSxtra’
Downloading GitHub repo steverozen/mSigAct@v3.0.3
Installing 1 packages: nloptr
Installing package into ‘/hpc/home/sr110/R/x86_64-pc-linux-gnu-library/4.4’
(as ‘lib’ is unspecified)
trying URL 'https://cloud.r-project.org/src/contrib/nloptr_2.2.1.tar.gz'
Content type 'application/x-gzip' length 2253853 bytes (2.1 MB)
==================================================
downloaded 2.1 MB

* installing *source* package ‘nloptr’ ...
** package ‘nloptr’ successfully unpacked and MD5 sums checked
** using staged installation
checking whether the C++ compiler works... yes
checking for C++ compiler default output file name... a.out
checking for suffix of executables... 
checking whether we are cross compiling... no
checking for suffix of object files... o
checking whether the compiler supports GNU C++... yes
checking whether /usr/bin/g++ accepts -g... yes
checking for /usr/bin/g++ option to enable C++11 features... none needed
checking how to run the C++ preprocessor... /usr/bin/g++ -E
checking whether the compiler supports GNU C++... (cached) yes
checking whether /usr/bin/g++ accepts -g... (cached) yes
checking for /usr/bin/g++ option to enable C++11 features... (cached) none needed
checking for pkg-config... /usr/bin/pkg-config
checking if pkg-config knows NLopt... no
checking for cmake... no

------------------ CMAKE NOT FOUND --------------------

CMake was not found on the PATH. Please install CMake:

 - sudo yum install cmake          (Fedora/CentOS; inside a terminal)
 - sudo apt install cmake          (Debian/Ubuntu; inside a terminal).
 - sudo pacman -S cmake            (Arch Linux; inside a terminal).
 - brew install --cask cmake       (MacOS; inside a terminal with Homebrew)
 - sudo port install cmake         (MacOS; inside a terminal with MacPorts)

Alternatively install CMake from: <https://cmake.org/>

-------------------------------------------------------

ERROR: configuration failed for package ‘nloptr’
* removing ‘/hpc/home/sr110/R/x86_64-pc-linux-gnu-library/4.4/nloptr’

The downloaded source packages are in
	‘/tmp/RtmpC8rGL7/downloaded_packages’
── R CMD build ─────────────────────────────────────────────────────────────────
* checking for file ‘/tmp/RtmpC8rGL7/remotes86d88749d819f/steverozen-mSigAct-4394021/DESCRIPTION’ ... OK
* preparing ‘mSigAct’:
* checking DESCRIPTION meta-information ... OK
* checking for LF line-endings in source and make files and shell scripts
* checking for empty or unneeded directories
* looking to see if a ‘data/datalist’ file should be added
* building ‘mSigAct_3.0.3.tar.gz’
Warning: invalid uid value replaced by that for user 'nobody'
Warning: invalid gid value replaced by that for user 'nobody'

Installing package into ‘/hpc/home/sr110/R/x86_64-pc-linux-gnu-library/4.4’
(as ‘lib’ is unspecified)
ERROR: dependency ‘nloptr’ is not available for package ‘mSigAct’
* removing ‘/hpc/home/sr110/R/x86_64-pc-linux-gnu-library/4.4/mSigAct’
Downloading GitHub repo steverozen/ICAMSxtra@v0.1.0
Skipping ICAMSxtra, it is already being installed
Downloading GitHub repo steverozen/mSigAct@v3.0.3
Skipping mSigAct, it is already being installed
── R CMD build ─────────────────────────────────────────────────────────────────
* checking for file ‘/tmp/RtmpC8rGL7/remotes86d881830641b/steverozen-SynSigGen-a5e55f6/DESCRIPTION’ ... OK
* preparing ‘SynSigGen’:
* checking DESCRIPTION meta-information ... OK
* checking for LF line-endings in source and make files and shell scripts
* checking for empty or unneeded directories
* building ‘SynSigGen_1.1.1.tar.gz’
Warning: invalid uid value replaced by that for user 'nobody'
Warning: invalid gid value replaced by that for user 'nobody'

Installing package into ‘/hpc/home/sr110/R/x86_64-pc-linux-gnu-library/4.4’
(as ‘lib’ is unspecified)
ERROR: dependencies ‘ICAMSxtra’, ‘mSigAct’ are not available for package ‘SynSigGen’
* removing ‘/hpc/home/sr110/R/x86_64-pc-linux-gnu-library/4.4/SynSigGen’
Warning messages:
1: In i.p(...) :
  installation of package ‘/tmp/RtmpC8rGL7/file86d88afbee98/ICAMSxtra_0.1.0.tar.gz’ had non-zero exit status
2: In i.p(...) : installation of package ‘nloptr’ had non-zero exit status
3: In i.p(...) :
  installation of package ‘/tmp/RtmpC8rGL7/file86d8866f407e5/mSigAct_3.0.3.tar.gz’ had non-zero exit status
4: In i.p(...) :
  installation of package ‘/tmp/RtmpC8rGL7/file86d88462058f/SynSigGen_1.1.1.tar.gz’ had non-zero exit status
Using GitHub PAT from the git credential store.
Downloading GitHub repo steverozen/mSigAct@HEAD
Installing 1 packages: nloptr
Installing package into ‘/hpc/home/sr110/R/x86_64-pc-linux-gnu-library/4.4’
(as ‘lib’ is unspecified)
trying URL 'https://cloud.r-project.org/src/contrib/nloptr_2.2.1.tar.gz'
Content type 'application/x-gzip' length 2253853 bytes (2.1 MB)
==================================================
downloaded 2.1 MB

* installing *source* package ‘nloptr’ ...
** package ‘nloptr’ successfully unpacked and MD5 sums checked
** using staged installation
checking whether the C++ compiler works... yes
checking for C++ compiler default output file name... a.out
checking for suffix of executables... 
checking whether we are cross compiling... no
checking for suffix of object files... o
checking whether the compiler supports GNU C++... yes
checking whether /usr/bin/g++ accepts -g... yes
checking for /usr/bin/g++ option to enable C++11 features... none needed
checking how to run the C++ preprocessor... /usr/bin/g++ -E
checking whether the compiler supports GNU C++... (cached) yes
checking whether /usr/bin/g++ accepts -g... (cached) yes
checking for /usr/bin/g++ option to enable C++11 features... (cached) none needed
checking for pkg-config... /usr/bin/pkg-config
checking if pkg-config knows NLopt... no
checking for cmake... no

------------------ CMAKE NOT FOUND --------------------

CMake was not found on the PATH. Please install CMake:

 - sudo yum install cmake          (Fedora/CentOS; inside a terminal)
 - sudo apt install cmake          (Debian/Ubuntu; inside a terminal).
 - sudo pacman -S cmake            (Arch Linux; inside a terminal).
 - brew install --cask cmake       (MacOS; inside a terminal with Homebrew)
 - sudo port install cmake         (MacOS; inside a terminal with MacPorts)

Alternatively install CMake from: <https://cmake.org/>

-------------------------------------------------------

ERROR: configuration failed for package ‘nloptr’
* removing ‘/hpc/home/sr110/R/x86_64-pc-linux-gnu-library/4.4/nloptr’

The downloaded source packages are in
	‘/tmp/RtmpC8rGL7/downloaded_packages’
── R CMD build ─────────────────────────────────────────────────────────────────
* checking for file ‘/tmp/RtmpC8rGL7/remotes86d88270f7deb/steverozen-mSigAct-ab45c77/DESCRIPTION’ ... OK
* preparing ‘mSigAct’:
* checking DESCRIPTION meta-information ... OK
* checking for LF line-endings in source and make files and shell scripts
* checking for empty or unneeded directories
* looking to see if a ‘data/datalist’ file should be added
* building ‘mSigAct_3.0.3.tar.gz’
Warning: invalid uid value replaced by that for user 'nobody'
Warning: invalid gid value replaced by that for user 'nobody'

Installing package into ‘/hpc/home/sr110/R/x86_64-pc-linux-gnu-library/4.4’
(as ‘lib’ is unspecified)
ERROR: dependency ‘nloptr’ is not available for package ‘mSigAct’
* removing ‘/hpc/home/sr110/R/x86_64-pc-linux-gnu-library/4.4/mSigAct’
Warning messages:
1: In i.p(...) : installation of package ‘nloptr’ had non-zero exit status
2: In i.p(...) :
  installation of package ‘/tmp/RtmpC8rGL7/file86d88360aa83d/mSigAct_3.0.3.tar.gz’ had non-zero exit status
Installing package into ‘/hpc/home/sr110/R/x86_64-pc-linux-gnu-library/4.4’
(as ‘lib’ is unspecified)
trying URL 'https://cloud.r-project.org/src/contrib/nloptr_2.2.1.tar.gz'
Content type 'application/x-gzip' length 2253853 bytes (2.1 MB)
==================================================
downloaded 2.1 MB

* installing *source* package ‘nloptr’ ...
** package ‘nloptr’ successfully unpacked and MD5 sums checked
** using staged installation
checking whether the C++ compiler works... yes
checking for C++ compiler default output file name... a.out
checking for suffix of executables... 
checking whether we are cross compiling... no
checking for suffix of object files... o
checking whether the compiler supports GNU C++... yes
checking whether /usr/bin/g++ accepts -g... yes
checking for /usr/bin/g++ option to enable C++11 features... none needed
checking how to run the C++ preprocessor... /usr/bin/g++ -E
checking whether the compiler supports GNU C++... (cached) yes
checking whether /usr/bin/g++ accepts -g... (cached) yes
checking for /usr/bin/g++ option to enable C++11 features... (cached) none needed
checking for pkg-config... /usr/bin/pkg-config
checking if pkg-config knows NLopt... no
checking for cmake... /opt/apps/rhel9/cmake-3.28.3/bin/cmake
using cmake via /opt/apps/rhel9/cmake-3.28.3/bin/cmake
using NLopt via local cmake build on x86_64
set CC=/usr/bin/gcc
set CFLAGS=-DNDEBUG -D_FORTIFY_SOURCE=2 -O2 -isystem /hpc/group/rozenlab/sr110/miniforge3/envs/R/include -I/hpc/group/rozenlab/sr110/miniforge3/envs/R/include -Wl,-rpath-link,/hpc/group/rozenlab/sr110/miniforge3/envs/R/lib -fpic -march=nocona -mtune=haswell -ftree-vectorize -fPIC -fstack-protector-strong -fno-plt -O2 -ffunction-sections -pipe -isystem /hpc/group/rozenlab/sr110/miniforge3/envs/R/include -fdebug-prefix-map=/home/conda/feedstock_root/build_artifacts/r-base-split_1732138515749/work=/usr/local/src/conda/r-base-4.4.2 -fdebug-prefix-map=/hpc/group/rozenlab/sr110/miniforge3/envs/R=/usr/local/src/conda-prefix
set CXX=/usr/bin/g++
set CXXFLAGS=-std=gnu++11 -DNDEBUG -D_FORTIFY_SOURCE=2 -O2 -isystem /hpc/group/rozenlab/sr110/miniforge3/envs/R/include -I/hpc/group/rozenlab/sr110/miniforge3/envs/R/include -Wl,-rpath-link,/hpc/group/rozenlab/sr110/miniforge3/envs/R/lib -fpic -fvisibility-inlines-hidden -fmessage-length=0 -march=nocona -mtune=haswell -ftree-vectorize -fPIC -fstack-protector-strong -fno-plt -O2 -ffunction-sections -pipe -isystem /hpc/group/rozenlab/sr110/miniforge3/envs/R/include -fdebug-prefix-map=/home/conda/feedstock_root/build_artifacts/r-base-split_1732138515749/work=/usr/local/src/conda/r-base-4.4.2 -fdebug-prefix-map=/hpc/group/rozenlab/sr110/miniforge3/envs/R=/usr/local/src/conda-prefix
set LDFLAGS=-Wl,-O2 -Wl,--sort-common -Wl,--as-needed -Wl,-z,relro -Wl,-z,now -Wl,--disable-new-dtags -Wl,--gc-sections -Wl,--allow-shlib-undefined -Wl,-rpath,/hpc/group/rozenlab/sr110/miniforge3/envs/R/lib -Wl,-rpath-link,/hpc/group/rozenlab/sr110/miniforge3/envs/R/lib -L/hpc/group/rozenlab/sr110/miniforge3/envs/R/lib
/usr/bin/which: no x86_64-conda-linux-gnu-ar in (/opt/apps/rhel9/cmake-3.28.3/bin:/hpc/home/sr110/.pixi/bin:/admin/apps/rhel9/code-server-4.96.4/lib/vscode/bin/remote-cli:/hpc/home/sr110/.pixi/bin:/opt/apps/rhel9/code-server-4.96.4/bin:/hpc/home/sr110/.pixi/bin:/hpc/home/sr110/.pixi/bin:/hpc/home/sr110/.nvm/versions/node/v24.6.0/bin:/hpc/group/rozenlab/sr110/miniforge3/bin:/hpc/group/rozenlab/sr110/miniforge3/condabin:/hpc/home/sr110/.local/bin:/hpc/home/sr110/bin:/usr/share/Modules/bin:/usr/local/bin:/usr/bin:/usr/local/sbin:/usr/sbin:/opt/puppetlabs/bin:/opt/slurm/bin)
/usr/bin/which: no x86_64-conda-linux-gnu-ranlib in (/opt/apps/rhel9/cmake-3.28.3/bin:/hpc/home/sr110/.pixi/bin:/admin/apps/rhel9/code-server-4.96.4/lib/vscode/bin/remote-cli:/hpc/home/sr110/.pixi/bin:/opt/apps/rhel9/code-server-4.96.4/bin:/hpc/home/sr110/.pixi/bin:/hpc/home/sr110/.pixi/bin:/hpc/home/sr110/.nvm/versions/node/v24.6.0/bin:/hpc/group/rozenlab/sr110/miniforge3/bin:/hpc/group/rozenlab/sr110/miniforge3/condabin:/hpc/home/sr110/.local/bin:/hpc/home/sr110/bin:/usr/share/Modules/bin:/usr/local/bin:/usr/bin:/usr/local/sbin:/usr/sbin:/opt/puppetlabs/bin:/opt/slurm/bin)
-- The C compiler identification is GNU 11.5.0
-- The CXX compiler identification is GNU 11.5.0
-- Detecting C compiler ABI info
-- Detecting C compiler ABI info - done
-- Check for working C compiler: /usr/bin/gcc - skipped
-- Detecting C compile features
-- Detecting C compile features - done
-- Detecting CXX compiler ABI info
-- Detecting CXX compiler ABI info - done
-- Check for working CXX compiler: /usr/bin/g++ - skipped
-- Detecting CXX compile features
-- Detecting CXX compile features - done
-- NLopt version 2.10.0
-- Looking for getopt.h
-- Looking for getopt.h - found
-- Looking for unistd.h
-- Looking for unistd.h - found
-- Looking for stdint.h
-- Looking for stdint.h - found
-- Looking for time.h
-- Looking for time.h - found
-- Looking for sys/time.h
-- Looking for sys/time.h - found
-- Looking for getpid
-- Looking for getpid - found
-- Looking for syscall
-- Looking for syscall - found
-- Looking for isinf
-- Looking for isinf - found
-- Looking for isnan
-- Looking for isnan - found
-- Looking for gettimeofday
-- Looking for gettimeofday - found
-- Looking for qsort_r
-- Looking for qsort_r - found
-- Looking for time
-- Looking for time - found
-- Looking for copysign
-- Looking for copysign - found
-- Looking for getopt
-- Looking for getopt - found
-- Looking for sys/types.h
-- Looking for sys/types.h - found
-- Looking for stddef.h
-- Looking for stddef.h - found
-- Check size of uint32_t
-- Check size of uint32_t - done
-- Check size of unsigned int
-- Check size of unsigned int - done
-- Check size of unsigned long
-- Check size of unsigned long - done
-- Looking for sqrt in m
-- Looking for sqrt in m - found
-- Looking for fpclassify
-- Looking for fpclassify - TRUE
-- Performing Test HAVE_THREAD_LOCAL_STORAGE
-- Performing Test HAVE_THREAD_LOCAL_STORAGE - Success
-- Performing Test HAVE_THREAD_LOCAL_STORAGE
-- Performing Test HAVE_THREAD_LOCAL_STORAGE - Failed
-- Looking for __cplusplus
-- Looking for __cplusplus - found
-- Could NOT find JNI (missing: JAVA_INCLUDE_PATH JAVA_INCLUDE_PATH2) 
-- Could NOT find Java (missing: Java_JAR_EXECUTABLE Java_JAVAC_EXECUTABLE Java_JAVAH_EXECUTABLE Java_JAVADOC_EXECUTABLE) (found suitable version "1.8.0.452", minimum required is "1.5")
-- Configuring done (11.9s)
-- Generating done (0.0s)
-- Build files have been written to: /tmp/Rtmp5qJvSX/R.INSTALLe8c79275529fa/nloptr/src/nlopt-build
[  2%] Generating nlopt.hpp
[  2%] Built target generate-cpp
[  4%] Building C object CMakeFiles/nlopt.dir/src/algs/direct/DIRect.c.o
[  6%] Building C object CMakeFiles/nlopt.dir/src/algs/direct/direct_wrap.c.o
[  8%] Building C object CMakeFiles/nlopt.dir/src/algs/direct/DIRserial.c.o
[ 10%] Building C object CMakeFiles/nlopt.dir/src/algs/direct/DIRsubrout.c.o
[ 12%] Building C object CMakeFiles/nlopt.dir/src/algs/cdirect/cdirect.c.o
[ 14%] Building C object CMakeFiles/nlopt.dir/src/algs/cdirect/hybrid.c.o
[ 16%] Building C object CMakeFiles/nlopt.dir/src/algs/praxis/praxis.c.o
[ 18%] Building C object CMakeFiles/nlopt.dir/src/algs/crs/crs.c.o
[ 20%] Building C object CMakeFiles/nlopt.dir/src/algs/mlsl/mlsl.c.o
[ 22%] Building C object CMakeFiles/nlopt.dir/src/algs/mma/mma.c.o
[ 24%] Building C object CMakeFiles/nlopt.dir/src/algs/mma/ccsa_quadratic.c.o
[ 26%] Building C object CMakeFiles/nlopt.dir/src/algs/cobyla/cobyla.c.o
[ 28%] Building C object CMakeFiles/nlopt.dir/src/algs/newuoa/newuoa.c.o
[ 30%] Building C object CMakeFiles/nlopt.dir/src/algs/neldermead/nldrmd.c.o
[ 32%] Building C object CMakeFiles/nlopt.dir/src/algs/neldermead/sbplx.c.o
[ 34%] Building C object CMakeFiles/nlopt.dir/src/algs/auglag/auglag.c.o
[ 36%] Building C object CMakeFiles/nlopt.dir/src/algs/bobyqa/bobyqa.c.o
[ 38%] Building C object CMakeFiles/nlopt.dir/src/algs/isres/isres.c.o
[ 40%] Building C object CMakeFiles/nlopt.dir/src/algs/slsqp/slsqp.c.o
[ 42%] Building C object CMakeFiles/nlopt.dir/src/algs/esch/esch.c.o
[ 44%] Building C object CMakeFiles/nlopt.dir/src/api/general.c.o
[ 46%] Building C object CMakeFiles/nlopt.dir/src/api/options.c.o
[ 48%] Building C object CMakeFiles/nlopt.dir/src/api/optimize.c.o
[ 51%] Building C object CMakeFiles/nlopt.dir/src/api/deprecated.c.o
[ 53%] Building C object CMakeFiles/nlopt.dir/src/api/f77api.c.o
[ 55%] Building C object CMakeFiles/nlopt.dir/src/util/mt19937ar.c.o
[ 57%] Building C object CMakeFiles/nlopt.dir/src/util/sobolseq.c.o
[ 59%] Building C object CMakeFiles/nlopt.dir/src/util/timer.c.o
[ 61%] Building C object CMakeFiles/nlopt.dir/src/util/stop.c.o
[ 63%] Building C object CMakeFiles/nlopt.dir/src/util/redblack.c.o
[ 65%] Building C object CMakeFiles/nlopt.dir/src/util/qsort_r.c.o
[ 67%] Building C object CMakeFiles/nlopt.dir/src/util/rescale.c.o
[ 69%] Building C object CMakeFiles/nlopt.dir/src/algs/luksan/plis.c.o
[ 71%] Building C object CMakeFiles/nlopt.dir/src/algs/luksan/plip.c.o
[ 73%] Building C object CMakeFiles/nlopt.dir/src/algs/luksan/pnet.c.o
[ 75%] Building C object CMakeFiles/nlopt.dir/src/algs/luksan/mssubs.c.o
[ 77%] Building C object CMakeFiles/nlopt.dir/src/algs/luksan/pssubs.c.o
[ 79%] Building CXX object CMakeFiles/nlopt.dir/src/algs/stogo/global.cc.o
[ 81%] Building CXX object CMakeFiles/nlopt.dir/src/algs/stogo/linalg.cc.o
[ 83%] Building CXX object CMakeFiles/nlopt.dir/src/algs/stogo/local.cc.o
[ 85%] Building CXX object CMakeFiles/nlopt.dir/src/algs/stogo/stogo.cc.o
[ 87%] Building CXX object CMakeFiles/nlopt.dir/src/algs/stogo/tools.cc.o
[ 89%] Building CXX object CMakeFiles/nlopt.dir/src/algs/ags/evolvent.cc.o
[ 91%] Building CXX object CMakeFiles/nlopt.dir/src/algs/ags/solver.cc.o
[ 93%] Building CXX object CMakeFiles/nlopt.dir/src/algs/ags/local_optimizer.cc.o
[ 95%] Building CXX object CMakeFiles/nlopt.dir/src/algs/ags/ags.cc.o
[ 97%] Linking CXX static library libnlopt.a
Error running link command: No such file or directory
make[2]: *** [CMakeFiles/nlopt.dir/build.make:822: libnlopt.a] Error 2
make[1]: *** [CMakeFiles/Makefile2:111: CMakeFiles/nlopt.dir/all] Error 2
make: *** [Makefile:156: all] Error 2
[  2%] Built target generate-cpp
[  4%] Linking CXX static library libnlopt.a
Error running link command: No such file or directory
make[2]: *** [CMakeFiles/nlopt.dir/build.make:822: libnlopt.a] Error 2
make[1]: *** [CMakeFiles/Makefile2:111: CMakeFiles/nlopt.dir/all] Error 2
make: *** [Makefile:156: all] Error 2
ls: cannot access 'nlopt/lib*': No such file or directory
Moving  to nlopt/lib
mv: missing destination file operand after 'nlopt/lib'
Try 'mv --help' for more information.
Copying headers found in src/nlopt/include into inst/include
cp: cannot stat 'src/nlopt/include/nlopt.*': No such file or directory
configure: creating ./config.status
config.status: creating src/Makevars
** libs
using C compiler: ‘gcc (GCC) 11.5.0 20240719 (Red Hat 11.5.0-5)’
using C++ compiler: ‘g++ (GCC) 11.5.0 20240719 (Red Hat 11.5.0-5)’
/usr/bin/g++ -I"/hpc/group/rozenlab/sr110/miniforge3/envs/R/lib/R/include" -DNDEBUG -Inlopt/include  -DNDEBUG -D_FORTIFY_SOURCE=2 -O2 -isystem /hpc/group/rozenlab/sr110/miniforge3/envs/R/include -I/hpc/group/rozenlab/sr110/miniforge3/envs/R/include -Wl,-rpath-link,/hpc/group/rozenlab/sr110/miniforge3/envs/R/lib    -fpic  -fvisibility-inlines-hidden  -fmessage-length=0 -march=nocona -mtune=haswell -ftree-vectorize -fPIC -fstack-protector-strong -fno-plt -O2 -ffunction-sections -pipe -isystem /hpc/group/rozenlab/sr110/miniforge3/envs/R/include -fdebug-prefix-map=/home/conda/feedstock_root/build_artifacts/r-base-split_1732138515749/work=/usr/local/src/conda/r-base-4.4.2 -fdebug-prefix-map=/hpc/group/rozenlab/sr110/miniforge3/envs/R=/usr/local/src/conda-prefix   -c dummy.cpp -o dummy.o
/usr/bin/gcc -I"/hpc/group/rozenlab/sr110/miniforge3/envs/R/lib/R/include" -DNDEBUG -Inlopt/include  -DNDEBUG -D_FORTIFY_SOURCE=2 -O2 -isystem /hpc/group/rozenlab/sr110/miniforge3/envs/R/include -I/hpc/group/rozenlab/sr110/miniforge3/envs/R/include -Wl,-rpath-link,/hpc/group/rozenlab/sr110/miniforge3/envs/R/lib    -fpic  -march=nocona -mtune=haswell -ftree-vectorize -fPIC -fstack-protector-strong -fno-plt -O2 -ffunction-sections -pipe -isystem /hpc/group/rozenlab/sr110/miniforge3/envs/R/include -fdebug-prefix-map=/home/conda/feedstock_root/build_artifacts/r-base-split_1732138515749/work=/usr/local/src/conda/r-base-4.4.2 -fdebug-prefix-map=/hpc/group/rozenlab/sr110/miniforge3/envs/R=/usr/local/src/conda-prefix  -c init_nloptr.c -o init_nloptr.o
init_nloptr.c:41:10: fatal error: nlopt.h: No such file or directory
   41 | #include <nlopt.h>
      |          ^~~~~~~~~
compilation terminated.
make: *** [/hpc/group/rozenlab/sr110/miniforge3/envs/R/lib/R/etc/Makeconf:197: init_nloptr.o] Error 1
ERROR: compilation failed for package ‘nloptr’
* removing ‘/hpc/home/sr110/R/x86_64-pc-linux-gnu-library/4.4/nloptr’

The downloaded source packages are in
	‘/tmp/RtmpGq6SEb/downloaded_packages’
Warning message:
In install.packages("nloptr", repos = "https://cloud.r-project.org") :
  installation of package ‘nloptr’ had non-zero exit status
Using GitHub PAT from the git credential store.
Downloading GitHub repo steverozen/SynSigGen@HEAD
Downloading GitHub repo steverozen/ICAMSxtra@v0.1.0
── R CMD build ─────────────────────────────────────────────────────────────────
* checking for file ‘/tmp/RtmpGq6SEb/remotese8c05fa348c5/steverozen-ICAMSxtra-066c096/DESCRIPTION’ ... OK
* preparing ‘ICAMSxtra’:
* checking DESCRIPTION meta-information ... OK
* checking for LF line-endings in source and make files and shell scripts
* checking for empty or unneeded directories
* building ‘ICAMSxtra_0.1.0.tar.gz’
Warning: invalid uid value replaced by that for user 'nobody'
Warning: invalid gid value replaced by that for user 'nobody'

Installing package into ‘/hpc/home/sr110/R/x86_64-pc-linux-gnu-library/4.4’
(as ‘lib’ is unspecified)
* installing *source* package ‘ICAMSxtra’ ...
** using staged installation
** R
** data
*** moving datasets to lazyload DB
** inst
** byte-compile and prepare package for lazy loading
Error in loadNamespace(i, c(lib.loc, .libPaths()), versionCheck = vI[[i]]) : 
  there is no package called ‘rtracklayer’
Calls: <Anonymous> ... loadNamespace -> withRestarts -> withOneRestart -> doWithOneRestart
Execution halted
ERROR: lazy loading failed for package ‘ICAMSxtra’
* removing ‘/hpc/home/sr110/R/x86_64-pc-linux-gnu-library/4.4/ICAMSxtra’
Downloading GitHub repo steverozen/mSigAct@v3.0.3
Installing 1 packages: nloptr
Installing package into ‘/hpc/home/sr110/R/x86_64-pc-linux-gnu-library/4.4’
(as ‘lib’ is unspecified)
trying URL 'https://cloud.r-project.org/src/contrib/nloptr_2.2.1.tar.gz'
Content type 'application/x-gzip' length 2253853 bytes (2.1 MB)
==================================================
downloaded 2.1 MB

* installing *source* package ‘nloptr’ ...
** package ‘nloptr’ successfully unpacked and MD5 sums checked
** using staged installation
checking whether the C++ compiler works... yes
checking for C++ compiler default output file name... a.out
checking for suffix of executables... 
checking whether we are cross compiling... no
checking for suffix of object files... o
checking whether the compiler supports GNU C++... yes
checking whether /usr/bin/g++ accepts -g... yes
checking for /usr/bin/g++ option to enable C++11 features... none needed
checking how to run the C++ preprocessor... /usr/bin/g++ -E
checking whether the compiler supports GNU C++... (cached) yes
checking whether /usr/bin/g++ accepts -g... (cached) yes
checking for /usr/bin/g++ option to enable C++11 features... (cached) none needed
checking for pkg-config... /usr/bin/pkg-config
checking if pkg-config knows NLopt... no
checking for cmake... /opt/apps/rhel9/cmake-3.28.3/bin/cmake
using cmake via /opt/apps/rhel9/cmake-3.28.3/bin/cmake
using NLopt via local cmake build on x86_64
set CC=/usr/bin/gcc
set CFLAGS=-DNDEBUG -D_FORTIFY_SOURCE=2 -O2 -isystem /hpc/group/rozenlab/sr110/miniforge3/envs/R/include -I/hpc/group/rozenlab/sr110/miniforge3/envs/R/include -Wl,-rpath-link,/hpc/group/rozenlab/sr110/miniforge3/envs/R/lib -fpic -march=nocona -mtune=haswell -ftree-vectorize -fPIC -fstack-protector-strong -fno-plt -O2 -ffunction-sections -pipe -isystem /hpc/group/rozenlab/sr110/miniforge3/envs/R/include -fdebug-prefix-map=/home/conda/feedstock_root/build_artifacts/r-base-split_1732138515749/work=/usr/local/src/conda/r-base-4.4.2 -fdebug-prefix-map=/hpc/group/rozenlab/sr110/miniforge3/envs/R=/usr/local/src/conda-prefix
set CXX=/usr/bin/g++
set CXXFLAGS=-std=gnu++11 -DNDEBUG -D_FORTIFY_SOURCE=2 -O2 -isystem /hpc/group/rozenlab/sr110/miniforge3/envs/R/include -I/hpc/group/rozenlab/sr110/miniforge3/envs/R/include -Wl,-rpath-link,/hpc/group/rozenlab/sr110/miniforge3/envs/R/lib -fpic -fvisibility-inlines-hidden -fmessage-length=0 -march=nocona -mtune=haswell -ftree-vectorize -fPIC -fstack-protector-strong -fno-plt -O2 -ffunction-sections -pipe -isystem /hpc/group/rozenlab/sr110/miniforge3/envs/R/include -fdebug-prefix-map=/home/conda/feedstock_root/build_artifacts/r-base-split_1732138515749/work=/usr/local/src/conda/r-base-4.4.2 -fdebug-prefix-map=/hpc/group/rozenlab/sr110/miniforge3/envs/R=/usr/local/src/conda-prefix
set LDFLAGS=-Wl,-O2 -Wl,--sort-common -Wl,--as-needed -Wl,-z,relro -Wl,-z,now -Wl,--disable-new-dtags -Wl,--gc-sections -Wl,--allow-shlib-undefined -Wl,-rpath,/hpc/group/rozenlab/sr110/miniforge3/envs/R/lib -Wl,-rpath-link,/hpc/group/rozenlab/sr110/miniforge3/envs/R/lib -L/hpc/group/rozenlab/sr110/miniforge3/envs/R/lib
/usr/bin/which: no x86_64-conda-linux-gnu-ar in (/opt/apps/rhel9/cmake-3.28.3/bin:/hpc/home/sr110/.pixi/bin:/admin/apps/rhel9/code-server-4.96.4/lib/vscode/bin/remote-cli:/hpc/home/sr110/.pixi/bin:/opt/apps/rhel9/code-server-4.96.4/bin:/hpc/home/sr110/.pixi/bin:/hpc/home/sr110/.pixi/bin:/hpc/home/sr110/.nvm/versions/node/v24.6.0/bin:/hpc/group/rozenlab/sr110/miniforge3/bin:/hpc/group/rozenlab/sr110/miniforge3/condabin:/hpc/home/sr110/.local/bin:/hpc/home/sr110/bin:/usr/share/Modules/bin:/usr/local/bin:/usr/bin:/usr/local/sbin:/usr/sbin:/opt/puppetlabs/bin:/opt/slurm/bin)
/usr/bin/which: no x86_64-conda-linux-gnu-ranlib in (/opt/apps/rhel9/cmake-3.28.3/bin:/hpc/home/sr110/.pixi/bin:/admin/apps/rhel9/code-server-4.96.4/lib/vscode/bin/remote-cli:/hpc/home/sr110/.pixi/bin:/opt/apps/rhel9/code-server-4.96.4/bin:/hpc/home/sr110/.pixi/bin:/hpc/home/sr110/.pixi/bin:/hpc/home/sr110/.nvm/versions/node/v24.6.0/bin:/hpc/group/rozenlab/sr110/miniforge3/bin:/hpc/group/rozenlab/sr110/miniforge3/condabin:/hpc/home/sr110/.local/bin:/hpc/home/sr110/bin:/usr/share/Modules/bin:/usr/local/bin:/usr/bin:/usr/local/sbin:/usr/sbin:/opt/puppetlabs/bin:/opt/slurm/bin)
-- The C compiler identification is GNU 11.5.0
-- The CXX compiler identification is GNU 11.5.0
-- Detecting C compiler ABI info
-- Detecting C compiler ABI info - done
-- Check for working C compiler: /usr/bin/gcc - skipped
-- Detecting C compile features
-- Detecting C compile features - done
-- Detecting CXX compiler ABI info
-- Detecting CXX compiler ABI info - done
-- Check for working CXX compiler: /usr/bin/g++ - skipped
-- Detecting CXX compile features
-- Detecting CXX compile features - done
-- NLopt version 2.10.0
-- Looking for getopt.h
-- Looking for getopt.h - found
-- Looking for unistd.h
-- Looking for unistd.h - found
-- Looking for stdint.h
-- Looking for stdint.h - found
-- Looking for time.h
-- Looking for time.h - found
-- Looking for sys/time.h
-- Looking for sys/time.h - found
-- Looking for getpid
-- Looking for getpid - found
-- Looking for syscall
-- Looking for syscall - found
-- Looking for isinf
-- Looking for isinf - found
-- Looking for isnan
-- Looking for isnan - found
-- Looking for gettimeofday
-- Looking for gettimeofday - found
-- Looking for qsort_r
-- Looking for qsort_r - found
-- Looking for time
-- Looking for time - found
-- Looking for copysign
-- Looking for copysign - found
-- Looking for getopt
-- Looking for getopt - found
-- Looking for sys/types.h
-- Looking for sys/types.h - found
-- Looking for stddef.h
-- Looking for stddef.h - found
-- Check size of uint32_t
-- Check size of uint32_t - done
-- Check size of unsigned int
-- Check size of unsigned int - done
-- Check size of unsigned long
-- Check size of unsigned long - done
-- Looking for sqrt in m
-- Looking for sqrt in m - found
-- Looking for fpclassify
-- Looking for fpclassify - TRUE
-- Performing Test HAVE_THREAD_LOCAL_STORAGE
-- Performing Test HAVE_THREAD_LOCAL_STORAGE - Success
-- Performing Test HAVE_THREAD_LOCAL_STORAGE
-- Performing Test HAVE_THREAD_LOCAL_STORAGE - Failed
-- Looking for __cplusplus
-- Looking for __cplusplus - found
-- Could NOT find JNI (missing: JAVA_INCLUDE_PATH JAVA_INCLUDE_PATH2) 
-- Could NOT find Java (missing: Java_JAR_EXECUTABLE Java_JAVAC_EXECUTABLE Java_JAVAH_EXECUTABLE Java_JAVADOC_EXECUTABLE) (found suitable version "1.8.0.452", minimum required is "1.5")
-- Configuring done (7.9s)
-- Generating done (0.0s)
-- Build files have been written to: /tmp/Rtmp2L2qSb/R.INSTALLe9afd60e30f94/nloptr/src/nlopt-build
[  2%] Generating nlopt.hpp
[  2%] Built target generate-cpp
[  4%] Building C object CMakeFiles/nlopt.dir/src/algs/direct/DIRect.c.o
[  6%] Building C object CMakeFiles/nlopt.dir/src/algs/direct/direct_wrap.c.o
[  8%] Building C object CMakeFiles/nlopt.dir/src/algs/direct/DIRserial.c.o
[ 10%] Building C object CMakeFiles/nlopt.dir/src/algs/direct/DIRsubrout.c.o
[ 12%] Building C object CMakeFiles/nlopt.dir/src/algs/cdirect/cdirect.c.o
[ 14%] Building C object CMakeFiles/nlopt.dir/src/algs/cdirect/hybrid.c.o
[ 16%] Building C object CMakeFiles/nlopt.dir/src/algs/praxis/praxis.c.o
[ 18%] Building C object CMakeFiles/nlopt.dir/src/algs/crs/crs.c.o
[ 20%] Building C object CMakeFiles/nlopt.dir/src/algs/mlsl/mlsl.c.o
[ 22%] Building C object CMakeFiles/nlopt.dir/src/algs/mma/mma.c.o
[ 24%] Building C object CMakeFiles/nlopt.dir/src/algs/mma/ccsa_quadratic.c.o
[ 26%] Building C object CMakeFiles/nlopt.dir/src/algs/cobyla/cobyla.c.o
[ 28%] Building C object CMakeFiles/nlopt.dir/src/algs/newuoa/newuoa.c.o
[ 30%] Building C object CMakeFiles/nlopt.dir/src/algs/neldermead/nldrmd.c.o
[ 32%] Building C object CMakeFiles/nlopt.dir/src/algs/neldermead/sbplx.c.o
[ 34%] Building C object CMakeFiles/nlopt.dir/src/algs/auglag/auglag.c.o
[ 36%] Building C object CMakeFiles/nlopt.dir/src/algs/bobyqa/bobyqa.c.o
[ 38%] Building C object CMakeFiles/nlopt.dir/src/algs/isres/isres.c.o
[ 40%] Building C object CMakeFiles/nlopt.dir/src/algs/slsqp/slsqp.c.o
[ 42%] Building C object CMakeFiles/nlopt.dir/src/algs/esch/esch.c.o
[ 44%] Building C object CMakeFiles/nlopt.dir/src/api/general.c.o
[ 46%] Building C object CMakeFiles/nlopt.dir/src/api/options.c.o
[ 48%] Building C object CMakeFiles/nlopt.dir/src/api/optimize.c.o
[ 51%] Building C object CMakeFiles/nlopt.dir/src/api/deprecated.c.o
[ 53%] Building C object CMakeFiles/nlopt.dir/src/api/f77api.c.o
[ 55%] Building C object CMakeFiles/nlopt.dir/src/util/mt19937ar.c.o
[ 57%] Building C object CMakeFiles/nlopt.dir/src/util/sobolseq.c.o
[ 59%] Building C object CMakeFiles/nlopt.dir/src/util/timer.c.o
[ 61%] Building C object CMakeFiles/nlopt.dir/src/util/stop.c.o
[ 63%] Building C object CMakeFiles/nlopt.dir/src/util/redblack.c.o
[ 65%] Building C object CMakeFiles/nlopt.dir/src/util/qsort_r.c.o
[ 67%] Building C object CMakeFiles/nlopt.dir/src/util/rescale.c.o
[ 69%] Building C object CMakeFiles/nlopt.dir/src/algs/luksan/plis.c.o
[ 71%] Building C object CMakeFiles/nlopt.dir/src/algs/luksan/plip.c.o
[ 73%] Building C object CMakeFiles/nlopt.dir/src/algs/luksan/pnet.c.o
[ 75%] Building C object CMakeFiles/nlopt.dir/src/algs/luksan/mssubs.c.o
[ 77%] Building C object CMakeFiles/nlopt.dir/src/algs/luksan/pssubs.c.o
[ 79%] Building CXX object CMakeFiles/nlopt.dir/src/algs/stogo/global.cc.o
[ 81%] Building CXX object CMakeFiles/nlopt.dir/src/algs/stogo/linalg.cc.o
[ 83%] Building CXX object CMakeFiles/nlopt.dir/src/algs/stogo/local.cc.o
[ 85%] Building CXX object CMakeFiles/nlopt.dir/src/algs/stogo/stogo.cc.o
[ 87%] Building CXX object CMakeFiles/nlopt.dir/src/algs/stogo/tools.cc.o
[ 89%] Building CXX object CMakeFiles/nlopt.dir/src/algs/ags/evolvent.cc.o
[ 91%] Building CXX object CMakeFiles/nlopt.dir/src/algs/ags/solver.cc.o
[ 93%] Building CXX object CMakeFiles/nlopt.dir/src/algs/ags/local_optimizer.cc.o
[ 95%] Building CXX object CMakeFiles/nlopt.dir/src/algs/ags/ags.cc.o
[ 97%] Linking CXX static library libnlopt.a
Error running link command: No such file or directory
make[2]: *** [CMakeFiles/nlopt.dir/build.make:822: libnlopt.a] Error 2
make[1]: *** [CMakeFiles/Makefile2:111: CMakeFiles/nlopt.dir/all] Error 2
make: *** [Makefile:156: all] Error 2
[  2%] Built target generate-cpp
[  4%] Linking CXX static library libnlopt.a
Error running link command: No such file or directory
make[2]: *** [CMakeFiles/nlopt.dir/build.make:822: libnlopt.a] Error 2
make[1]: *** [CMakeFiles/Makefile2:111: CMakeFiles/nlopt.dir/all] Error 2
make: *** [Makefile:156: all] Error 2
ls: cannot access 'nlopt/lib*': No such file or directory
Moving  to nlopt/lib
mv: missing destination file operand after 'nlopt/lib'
Try 'mv --help' for more information.
Copying headers found in src/nlopt/include into inst/include
cp: cannot stat 'src/nlopt/include/nlopt.*': No such file or directory
configure: creating ./config.status
config.status: creating src/Makevars
** libs
using C compiler: ‘gcc (GCC) 11.5.0 20240719 (Red Hat 11.5.0-5)’
using C++ compiler: ‘g++ (GCC) 11.5.0 20240719 (Red Hat 11.5.0-5)’
/usr/bin/g++ -I"/hpc/group/rozenlab/sr110/miniforge3/envs/R/lib/R/include" -DNDEBUG -Inlopt/include  -DNDEBUG -D_FORTIFY_SOURCE=2 -O2 -isystem /hpc/group/rozenlab/sr110/miniforge3/envs/R/include -I/hpc/group/rozenlab/sr110/miniforge3/envs/R/include -Wl,-rpath-link,/hpc/group/rozenlab/sr110/miniforge3/envs/R/lib    -fpic  -fvisibility-inlines-hidden  -fmessage-length=0 -march=nocona -mtune=haswell -ftree-vectorize -fPIC -fstack-protector-strong -fno-plt -O2 -ffunction-sections -pipe -isystem /hpc/group/rozenlab/sr110/miniforge3/envs/R/include -fdebug-prefix-map=/home/conda/feedstock_root/build_artifacts/r-base-split_1732138515749/work=/usr/local/src/conda/r-base-4.4.2 -fdebug-prefix-map=/hpc/group/rozenlab/sr110/miniforge3/envs/R=/usr/local/src/conda-prefix   -c dummy.cpp -o dummy.o
/usr/bin/gcc -I"/hpc/group/rozenlab/sr110/miniforge3/envs/R/lib/R/include" -DNDEBUG -Inlopt/include  -DNDEBUG -D_FORTIFY_SOURCE=2 -O2 -isystem /hpc/group/rozenlab/sr110/miniforge3/envs/R/include -I/hpc/group/rozenlab/sr110/miniforge3/envs/R/include -Wl,-rpath-link,/hpc/group/rozenlab/sr110/miniforge3/envs/R/lib    -fpic  -march=nocona -mtune=haswell -ftree-vectorize -fPIC -fstack-protector-strong -fno-plt -O2 -ffunction-sections -pipe -isystem /hpc/group/rozenlab/sr110/miniforge3/envs/R/include -fdebug-prefix-map=/home/conda/feedstock_root/build_artifacts/r-base-split_1732138515749/work=/usr/local/src/conda/r-base-4.4.2 -fdebug-prefix-map=/hpc/group/rozenlab/sr110/miniforge3/envs/R=/usr/local/src/conda-prefix  -c init_nloptr.c -o init_nloptr.o
init_nloptr.c:41:10: fatal error: nlopt.h: No such file or directory
   41 | #include <nlopt.h>
      |          ^~~~~~~~~
compilation terminated.
make: *** [/hpc/group/rozenlab/sr110/miniforge3/envs/R/lib/R/etc/Makeconf:197: init_nloptr.o] Error 1
ERROR: compilation failed for package ‘nloptr’
* removing ‘/hpc/home/sr110/R/x86_64-pc-linux-gnu-library/4.4/nloptr’

The downloaded source packages are in
	‘/tmp/RtmpGq6SEb/downloaded_packages’
── R CMD build ─────────────────────────────────────────────────────────────────
* checking for file ‘/tmp/RtmpGq6SEb/remotese8c0555708826/steverozen-mSigAct-4394021/DESCRIPTION’ ... OK
* preparing ‘mSigAct’:
* checking DESCRIPTION meta-information ... OK
* checking for LF line-endings in source and make files and shell scripts
* checking for empty or unneeded directories
* looking to see if a ‘data/datalist’ file should be added
* building ‘mSigAct_3.0.3.tar.gz’
Warning: invalid uid value replaced by that for user 'nobody'
Warning: invalid gid value replaced by that for user 'nobody'

Installing package into ‘/hpc/home/sr110/R/x86_64-pc-linux-gnu-library/4.4’
(as ‘lib’ is unspecified)
ERROR: dependency ‘nloptr’ is not available for package ‘mSigAct’
* removing ‘/hpc/home/sr110/R/x86_64-pc-linux-gnu-library/4.4/mSigAct’
Downloading GitHub repo steverozen/ICAMSxtra@v0.1.0
Skipping ICAMSxtra, it is already being installed
Downloading GitHub repo steverozen/mSigAct@v3.0.3
Skipping mSigAct, it is already being installed
── R CMD build ─────────────────────────────────────────────────────────────────
* checking for file ‘/tmp/RtmpGq6SEb/remotese8c05d2a6a5/steverozen-SynSigGen-a5e55f6/DESCRIPTION’ ... OK
* preparing ‘SynSigGen’:
* checking DESCRIPTION meta-information ... OK
* checking for LF line-endings in source and make files and shell scripts
* checking for empty or unneeded directories
* building ‘SynSigGen_1.1.1.tar.gz’
Warning: invalid uid value replaced by that for user 'nobody'
Warning: invalid gid value replaced by that for user 'nobody'

Installing package into ‘/hpc/home/sr110/R/x86_64-pc-linux-gnu-library/4.4’
(as ‘lib’ is unspecified)
ERROR: dependencies ‘ICAMSxtra’, ‘mSigAct’ are not available for package ‘SynSigGen’
* removing ‘/hpc/home/sr110/R/x86_64-pc-linux-gnu-library/4.4/SynSigGen’
Warning messages:
1: In i.p(...) :
  installation of package ‘/tmp/RtmpGq6SEb/filee8c054429052c/ICAMSxtra_0.1.0.tar.gz’ had non-zero exit status
2: In i.p(...) : installation of package ‘nloptr’ had non-zero exit status
3: In i.p(...) :
  installation of package ‘/tmp/RtmpGq6SEb/filee8c0522c6e529/mSigAct_3.0.3.tar.gz’ had non-zero exit status
4: In i.p(...) :
  installation of package ‘/tmp/RtmpGq6SEb/filee8c05428bdf00/SynSigGen_1.1.1.tar.gz’ had non-zero exit status
Using GitHub PAT from the git credential store.
Downloading GitHub repo steverozen/mSigAct@HEAD
Installing 1 packages: nloptr
Installing package into ‘/hpc/home/sr110/R/x86_64-pc-linux-gnu-library/4.4’
(as ‘lib’ is unspecified)
trying URL 'https://cloud.r-project.org/src/contrib/nloptr_2.2.1.tar.gz'
Content type 'application/x-gzip' length 2253853 bytes (2.1 MB)
==================================================
downloaded 2.1 MB

* installing *source* package ‘nloptr’ ...
** package ‘nloptr’ successfully unpacked and MD5 sums checked
** using staged installation
checking whether the C++ compiler works... yes
checking for C++ compiler default output file name... a.out
checking for suffix of executables... 
checking whether we are cross compiling... no
checking for suffix of object files... o
checking whether the compiler supports GNU C++... yes
checking whether /usr/bin/g++ accepts -g... yes
checking for /usr/bin/g++ option to enable C++11 features... none needed
checking how to run the C++ preprocessor... /usr/bin/g++ -E
checking whether the compiler supports GNU C++... (cached) yes
checking whether /usr/bin/g++ accepts -g... (cached) yes
checking for /usr/bin/g++ option to enable C++11 features... (cached) none needed
checking for pkg-config... /usr/bin/pkg-config
checking if pkg-config knows NLopt... no
checking for cmake... /opt/apps/rhel9/cmake-3.28.3/bin/cmake
using cmake via /opt/apps/rhel9/cmake-3.28.3/bin/cmake
using NLopt via local cmake build on x86_64
set CC=/usr/bin/gcc
set CFLAGS=-DNDEBUG -D_FORTIFY_SOURCE=2 -O2 -isystem /hpc/group/rozenlab/sr110/miniforge3/envs/R/include -I/hpc/group/rozenlab/sr110/miniforge3/envs/R/include -Wl,-rpath-link,/hpc/group/rozenlab/sr110/miniforge3/envs/R/lib -fpic -march=nocona -mtune=haswell -ftree-vectorize -fPIC -fstack-protector-strong -fno-plt -O2 -ffunction-sections -pipe -isystem /hpc/group/rozenlab/sr110/miniforge3/envs/R/include -fdebug-prefix-map=/home/conda/feedstock_root/build_artifacts/r-base-split_1732138515749/work=/usr/local/src/conda/r-base-4.4.2 -fdebug-prefix-map=/hpc/group/rozenlab/sr110/miniforge3/envs/R=/usr/local/src/conda-prefix
set CXX=/usr/bin/g++
set CXXFLAGS=-std=gnu++11 -DNDEBUG -D_FORTIFY_SOURCE=2 -O2 -isystem /hpc/group/rozenlab/sr110/miniforge3/envs/R/include -I/hpc/group/rozenlab/sr110/miniforge3/envs/R/include -Wl,-rpath-link,/hpc/group/rozenlab/sr110/miniforge3/envs/R/lib -fpic -fvisibility-inlines-hidden -fmessage-length=0 -march=nocona -mtune=haswell -ftree-vectorize -fPIC -fstack-protector-strong -fno-plt -O2 -ffunction-sections -pipe -isystem /hpc/group/rozenlab/sr110/miniforge3/envs/R/include -fdebug-prefix-map=/home/conda/feedstock_root/build_artifacts/r-base-split_1732138515749/work=/usr/local/src/conda/r-base-4.4.2 -fdebug-prefix-map=/hpc/group/rozenlab/sr110/miniforge3/envs/R=/usr/local/src/conda-prefix
set LDFLAGS=-Wl,-O2 -Wl,--sort-common -Wl,--as-needed -Wl,-z,relro -Wl,-z,now -Wl,--disable-new-dtags -Wl,--gc-sections -Wl,--allow-shlib-undefined -Wl,-rpath,/hpc/group/rozenlab/sr110/miniforge3/envs/R/lib -Wl,-rpath-link,/hpc/group/rozenlab/sr110/miniforge3/envs/R/lib -L/hpc/group/rozenlab/sr110/miniforge3/envs/R/lib
/usr/bin/which: no x86_64-conda-linux-gnu-ar in (/opt/apps/rhel9/cmake-3.28.3/bin:/hpc/home/sr110/.pixi/bin:/admin/apps/rhel9/code-server-4.96.4/lib/vscode/bin/remote-cli:/hpc/home/sr110/.pixi/bin:/opt/apps/rhel9/code-server-4.96.4/bin:/hpc/home/sr110/.pixi/bin:/hpc/home/sr110/.pixi/bin:/hpc/home/sr110/.nvm/versions/node/v24.6.0/bin:/hpc/group/rozenlab/sr110/miniforge3/bin:/hpc/group/rozenlab/sr110/miniforge3/condabin:/hpc/home/sr110/.local/bin:/hpc/home/sr110/bin:/usr/share/Modules/bin:/usr/local/bin:/usr/bin:/usr/local/sbin:/usr/sbin:/opt/puppetlabs/bin:/opt/slurm/bin)
/usr/bin/which: no x86_64-conda-linux-gnu-ranlib in (/opt/apps/rhel9/cmake-3.28.3/bin:/hpc/home/sr110/.pixi/bin:/admin/apps/rhel9/code-server-4.96.4/lib/vscode/bin/remote-cli:/hpc/home/sr110/.pixi/bin:/opt/apps/rhel9/code-server-4.96.4/bin:/hpc/home/sr110/.pixi/bin:/hpc/home/sr110/.pixi/bin:/hpc/home/sr110/.nvm/versions/node/v24.6.0/bin:/hpc/group/rozenlab/sr110/miniforge3/bin:/hpc/group/rozenlab/sr110/miniforge3/condabin:/hpc/home/sr110/.local/bin:/hpc/home/sr110/bin:/usr/share/Modules/bin:/usr/local/bin:/usr/bin:/usr/local/sbin:/usr/sbin:/opt/puppetlabs/bin:/opt/slurm/bin)
-- The C compiler identification is GNU 11.5.0
-- The CXX compiler identification is GNU 11.5.0
-- Detecting C compiler ABI info
-- Detecting C compiler ABI info - done
-- Check for working C compiler: /usr/bin/gcc - skipped
-- Detecting C compile features
-- Detecting C compile features - done
-- Detecting CXX compiler ABI info
-- Detecting CXX compiler ABI info - done
-- Check for working CXX compiler: /usr/bin/g++ - skipped
-- Detecting CXX compile features
-- Detecting CXX compile features - done
-- NLopt version 2.10.0
-- Looking for getopt.h
-- Looking for getopt.h - found
-- Looking for unistd.h
-- Looking for unistd.h - found
-- Looking for stdint.h
-- Looking for stdint.h - found
-- Looking for time.h
-- Looking for time.h - found
-- Looking for sys/time.h
-- Looking for sys/time.h - found
-- Looking for getpid
-- Looking for getpid - found
-- Looking for syscall
-- Looking for syscall - found
-- Looking for isinf
-- Looking for isinf - found
-- Looking for isnan
-- Looking for isnan - found
-- Looking for gettimeofday
-- Looking for gettimeofday - found
-- Looking for qsort_r
-- Looking for qsort_r - found
-- Looking for time
-- Looking for time - found
-- Looking for copysign
-- Looking for copysign - found
-- Looking for getopt
-- Looking for getopt - found
-- Looking for sys/types.h
-- Looking for sys/types.h - found
-- Looking for stddef.h
-- Looking for stddef.h - found
-- Check size of uint32_t
-- Check size of uint32_t - done
-- Check size of unsigned int
-- Check size of unsigned int - done
-- Check size of unsigned long
-- Check size of unsigned long - done
-- Looking for sqrt in m
-- Looking for sqrt in m - found
-- Looking for fpclassify
-- Looking for fpclassify - TRUE
-- Performing Test HAVE_THREAD_LOCAL_STORAGE
-- Performing Test HAVE_THREAD_LOCAL_STORAGE - Success
-- Performing Test HAVE_THREAD_LOCAL_STORAGE
-- Performing Test HAVE_THREAD_LOCAL_STORAGE - Failed
-- Looking for __cplusplus
-- Looking for __cplusplus - found
-- Could NOT find JNI (missing: JAVA_INCLUDE_PATH JAVA_INCLUDE_PATH2) 
-- Could NOT find Java (missing: Java_JAR_EXECUTABLE Java_JAVAC_EXECUTABLE Java_JAVAH_EXECUTABLE Java_JAVADOC_EXECUTABLE) (found suitable version "1.8.0.452", minimum required is "1.5")
-- Configuring done (9.1s)
-- Generating done (0.0s)
-- Build files have been written to: /tmp/Rtmp35KC4x/R.INSTALLea95eb20ac87/nloptr/src/nlopt-build
[  2%] Generating nlopt.hpp
[  2%] Built target generate-cpp
[  4%] Building C object CMakeFiles/nlopt.dir/src/algs/direct/DIRect.c.o
[  6%] Building C object CMakeFiles/nlopt.dir/src/algs/direct/direct_wrap.c.o
[  8%] Building C object CMakeFiles/nlopt.dir/src/algs/direct/DIRserial.c.o
[ 10%] Building C object CMakeFiles/nlopt.dir/src/algs/direct/DIRsubrout.c.o
[ 12%] Building C object CMakeFiles/nlopt.dir/src/algs/cdirect/cdirect.c.o
[ 14%] Building C object CMakeFiles/nlopt.dir/src/algs/cdirect/hybrid.c.o
[ 16%] Building C object CMakeFiles/nlopt.dir/src/algs/praxis/praxis.c.o
[ 18%] Building C object CMakeFiles/nlopt.dir/src/algs/crs/crs.c.o
[ 20%] Building C object CMakeFiles/nlopt.dir/src/algs/mlsl/mlsl.c.o
[ 22%] Building C object CMakeFiles/nlopt.dir/src/algs/mma/mma.c.o
[ 24%] Building C object CMakeFiles/nlopt.dir/src/algs/mma/ccsa_quadratic.c.o
[ 26%] Building C object CMakeFiles/nlopt.dir/src/algs/cobyla/cobyla.c.o
[ 28%] Building C object CMakeFiles/nlopt.dir/src/algs/newuoa/newuoa.c.o
[ 30%] Building C object CMakeFiles/nlopt.dir/src/algs/neldermead/nldrmd.c.o
[ 32%] Building C object CMakeFiles/nlopt.dir/src/algs/neldermead/sbplx.c.o
[ 34%] Building C object CMakeFiles/nlopt.dir/src/algs/auglag/auglag.c.o
[ 36%] Building C object CMakeFiles/nlopt.dir/src/algs/bobyqa/bobyqa.c.o
[ 38%] Building C object CMakeFiles/nlopt.dir/src/algs/isres/isres.c.o
[ 40%] Building C object CMakeFiles/nlopt.dir/src/algs/slsqp/slsqp.c.o
[ 42%] Building C object CMakeFiles/nlopt.dir/src/algs/esch/esch.c.o
[ 44%] Building C object CMakeFiles/nlopt.dir/src/api/general.c.o
[ 46%] Building C object CMakeFiles/nlopt.dir/src/api/options.c.o
[ 48%] Building C object CMakeFiles/nlopt.dir/src/api/optimize.c.o
[ 51%] Building C object CMakeFiles/nlopt.dir/src/api/deprecated.c.o
[ 53%] Building C object CMakeFiles/nlopt.dir/src/api/f77api.c.o
[ 55%] Building C object CMakeFiles/nlopt.dir/src/util/mt19937ar.c.o
[ 57%] Building C object CMakeFiles/nlopt.dir/src/util/sobolseq.c.o
[ 61%] Building C object CMakeFiles/nlopt.dir/src/util/stop.c.o
[ 61%] Building C object CMakeFiles/nlopt.dir/src/util/timer.c.o
[ 63%] Building C object CMakeFiles/nlopt.dir/src/util/redblack.c.o
[ 65%] Building C object CMakeFiles/nlopt.dir/src/util/qsort_r.c.o
[ 67%] Building C object CMakeFiles/nlopt.dir/src/util/rescale.c.o
[ 69%] Building C object CMakeFiles/nlopt.dir/src/algs/luksan/plis.c.o
[ 71%] Building C object CMakeFiles/nlopt.dir/src/algs/luksan/plip.c.o
[ 73%] Building C object CMakeFiles/nlopt.dir/src/algs/luksan/pnet.c.o
[ 75%] Building C object CMakeFiles/nlopt.dir/src/algs/luksan/mssubs.c.o
[ 77%] Building C object CMakeFiles/nlopt.dir/src/algs/luksan/pssubs.c.o
[ 79%] Building CXX object CMakeFiles/nlopt.dir/src/algs/stogo/global.cc.o
[ 81%] Building CXX object CMakeFiles/nlopt.dir/src/algs/stogo/linalg.cc.o
[ 83%] Building CXX object CMakeFiles/nlopt.dir/src/algs/stogo/local.cc.o
[ 85%] Building CXX object CMakeFiles/nlopt.dir/src/algs/stogo/stogo.cc.o
[ 87%] Building CXX object CMakeFiles/nlopt.dir/src/algs/stogo/tools.cc.o
[ 89%] Building CXX object CMakeFiles/nlopt.dir/src/algs/ags/evolvent.cc.o
[ 91%] Building CXX object CMakeFiles/nlopt.dir/src/algs/ags/solver.cc.o
[ 93%] Building CXX object CMakeFiles/nlopt.dir/src/algs/ags/local_optimizer.cc.o
[ 95%] Building CXX object CMakeFiles/nlopt.dir/src/algs/ags/ags.cc.o
[ 97%] Linking CXX static library libnlopt.a
Error running link command: No such file or directory
make[2]: *** [CMakeFiles/nlopt.dir/build.make:822: libnlopt.a] Error 2
make[1]: *** [CMakeFiles/Makefile2:111: CMakeFiles/nlopt.dir/all] Error 2
make: *** [Makefile:156: all] Error 2
[  2%] Built target generate-cpp
[  4%] Linking CXX static library libnlopt.a
Error running link command: No such file or directory
make[2]: *** [CMakeFiles/nlopt.dir/build.make:822: libnlopt.a] Error 2
make[1]: *** [CMakeFiles/Makefile2:111: CMakeFiles/nlopt.dir/all] Error 2
make: *** [Makefile:156: all] Error 2
ls: cannot access 'nlopt/lib*': No such file or directory
Moving  to nlopt/lib
mv: missing destination file operand after 'nlopt/lib'
Try 'mv --help' for more information.
Copying headers found in src/nlopt/include into inst/include
cp: cannot stat 'src/nlopt/include/nlopt.*': No such file or directory
configure: creating ./config.status
config.status: creating src/Makevars
** libs
using C compiler: ‘gcc (GCC) 11.5.0 20240719 (Red Hat 11.5.0-5)’
using C++ compiler: ‘g++ (GCC) 11.5.0 20240719 (Red Hat 11.5.0-5)’
/usr/bin/g++ -I"/hpc/group/rozenlab/sr110/miniforge3/envs/R/lib/R/include" -DNDEBUG -Inlopt/include  -DNDEBUG -D_FORTIFY_SOURCE=2 -O2 -isystem /hpc/group/rozenlab/sr110/miniforge3/envs/R/include -I/hpc/group/rozenlab/sr110/miniforge3/envs/R/include -Wl,-rpath-link,/hpc/group/rozenlab/sr110/miniforge3/envs/R/lib    -fpic  -fvisibility-inlines-hidden  -fmessage-length=0 -march=nocona -mtune=haswell -ftree-vectorize -fPIC -fstack-protector-strong -fno-plt -O2 -ffunction-sections -pipe -isystem /hpc/group/rozenlab/sr110/miniforge3/envs/R/include -fdebug-prefix-map=/home/conda/feedstock_root/build_artifacts/r-base-split_1732138515749/work=/usr/local/src/conda/r-base-4.4.2 -fdebug-prefix-map=/hpc/group/rozenlab/sr110/miniforge3/envs/R=/usr/local/src/conda-prefix   -c dummy.cpp -o dummy.o
/usr/bin/gcc -I"/hpc/group/rozenlab/sr110/miniforge3/envs/R/lib/R/include" -DNDEBUG -Inlopt/include  -DNDEBUG -D_FORTIFY_SOURCE=2 -O2 -isystem /hpc/group/rozenlab/sr110/miniforge3/envs/R/include -I/hpc/group/rozenlab/sr110/miniforge3/envs/R/include -Wl,-rpath-link,/hpc/group/rozenlab/sr110/miniforge3/envs/R/lib    -fpic  -march=nocona -mtune=haswell -ftree-vectorize -fPIC -fstack-protector-strong -fno-plt -O2 -ffunction-sections -pipe -isystem /hpc/group/rozenlab/sr110/miniforge3/envs/R/include -fdebug-prefix-map=/home/conda/feedstock_root/build_artifacts/r-base-split_1732138515749/work=/usr/local/src/conda/r-base-4.4.2 -fdebug-prefix-map=/hpc/group/rozenlab/sr110/miniforge3/envs/R=/usr/local/src/conda-prefix  -c init_nloptr.c -o init_nloptr.o
init_nloptr.c:41:10: fatal error: nlopt.h: No such file or directory
   41 | #include <nlopt.h>
      |          ^~~~~~~~~
compilation terminated.
make: *** [/hpc/group/rozenlab/sr110/miniforge3/envs/R/lib/R/etc/Makeconf:197: init_nloptr.o] Error 1
ERROR: compilation failed for package ‘nloptr’
* removing ‘/hpc/home/sr110/R/x86_64-pc-linux-gnu-library/4.4/nloptr’

The downloaded source packages are in
	‘/tmp/RtmpGq6SEb/downloaded_packages’
── R CMD build ─────────────────────────────────────────────────────────────────
* checking for file ‘/tmp/RtmpGq6SEb/remotese8c052eff7118/steverozen-mSigAct-ab45c77/DESCRIPTION’ ... OK
* preparing ‘mSigAct’:
* checking DESCRIPTION meta-information ... OK
* checking for LF line-endings in source and make files and shell scripts
* checking for empty or unneeded directories
* looking to see if a ‘data/datalist’ file should be added
* building ‘mSigAct_3.0.3.tar.gz’
Warning: invalid uid value replaced by that for user 'nobody'
Warning: invalid gid value replaced by that for user 'nobody'

Installing package into ‘/hpc/home/sr110/R/x86_64-pc-linux-gnu-library/4.4’
(as ‘lib’ is unspecified)
ERROR: dependency ‘nloptr’ is not available for package ‘mSigAct’
* removing ‘/hpc/home/sr110/R/x86_64-pc-linux-gnu-library/4.4/mSigAct’
Warning messages:
1: In i.p(...) : installation of package ‘nloptr’ had non-zero exit status
2: In i.p(...) :
  installation of package ‘/tmp/RtmpGq6SEb/filee8c053f45afa9/mSigAct_3.0.3.tar.gz’ had non-zero exit status
Retrieving notices: - \ | / - done
Channels:
 - conda-forge
 - bioconda
 - anaconda
 - defaults
Platform: linux-64
Collecting package metadata (repodata.json): | / - \ | / - \ | / - \ | / - \ | / - \ | / - \ | / - \ | / - \ | / - \ | / - \ | / - \ | / - \ | / - \ | / - \ | / - \ | / - \ | / - \ | / - \ | / - \ | / - \ | / - \ | / - \ | / - \ | / - \ | / done
Solving environment: \ | / - \ | / - \ done


==> WARNING: A newer version of conda exists. <==
    current version: 25.9.0
    latest version: 26.3.2

Please update conda by running

    $ conda update -n base -c conda-forge conda



## Package Plan ##

  environment location: /hpc/group/rozenlab/sr110/miniforge3/envs/R

  added / updated specs:
    - r-nloptr


The following packages will be downloaded:

    package                    |            build
    ---------------------------|-----------------
    ca-certificates-2026.4.22  |       hbd8a1cb_0         128 KB  conda-forge
    nlopt-2.9.0                |  py313h438eccb_0         400 KB  conda-forge
    numpy-2.4.3                |  py313hf6604e3_0         8.4 MB  conda-forge
    openssl-3.6.2              |       h35e630c_0         3.0 MB  conda-forge
    r-nloptr-2.2.1             |    r44hb8c4c88_0         267 KB  conda-forge
    ------------------------------------------------------------
                                           Total:        12.2 MB

The following NEW packages will be INSTALLED:

  nlopt              conda-forge/linux-64::nlopt-2.9.0-py313h438eccb_0 
  numpy              conda-forge/linux-64::numpy-2.4.3-py313hf6604e3_0 
  r-nloptr           conda-forge/linux-64::r-nloptr-2.2.1-r44hb8c4c88_0 

The following packages will be UPDATED:

  ca-certificates                      2025.10.5-hbd8a1cb_0 --> 2026.4.22-hbd8a1cb_0 
  openssl                                  3.5.4-h26f9b46_0 --> 3.6.2-h35e630c_0 



Downloading and Extracting Packages: ...working...numpy-2.4.3          | 8.4 MB    |            |   0% 
openssl-3.6.2        | 3.0 MB    |            |   0% [A

nlopt-2.9.0          | 400 KB    |            |   0% [A[A


r-nloptr-2.2.1       | 267 KB    |            |   0% [A[A[A



ca-certificates-2026 | 128 KB    |            |   0% [A[A[A[Anumpy-2.4.3          | 8.4 MB    |            |   0% 

nlopt-2.9.0          | 400 KB    | 3          |   4% [A[A
openssl-3.6.2        | 3.0 MB    |            |   1% [A


r-nloptr-2.2.1       | 267 KB    | 5          |   6% [A[A[A



ca-certificates-2026 | 128 KB    | #2         |  13% [A[A[A[Anumpy-2.4.3          | 8.4 MB    | 1          |   1% 

nlopt-2.9.0          | 400 KB    | ##7        |  28% [A[A


r-nloptr-2.2.1       | 267 KB    | ####1      |  42% [A[A[A
openssl-3.6.2        | 3.0 MB    | 3          |   4% [A



ca-certificates-2026 | 128 KB    | ########## | 100% [A[A[A[A



ca-certificates-2026 | 128 KB    | ########## | 100% [A[A[A[Anumpy-2.4.3          | 8.4 MB    | 7          |   7% 


r-nloptr-2.2.1       | 267 KB    | ########## | 100% [A[A[A

nlopt-2.9.0          | 400 KB    | ########## | 100% [A[A
openssl-3.6.2        | 3.0 MB    | ###3       |  34% [Anumpy-2.4.3          | 8.4 MB    | #########6 |  97% 
openssl-3.6.2        | 3.0 MB    | ########## | 100% [A
openssl-3.6.2        | 3.0 MB    | ########## | 100% [Anumpy-2.4.3          | 8.4 MB    | ########## | 100% 



ca-certificates-2026 | 128 KB    | ########## | 100% [A[A[A[A

nlopt-2.9.0          | 400 KB    | ########## | 100% [A[A

nlopt-2.9.0          | 400 KB    | ########## | 100% [A[A


r-nloptr-2.2.1       | 267 KB    | ########## | 100% [A[A[A


r-nloptr-2.2.1       | 267 KB    | ########## | 100% [A[A[A
openssl-3.6.2        | 3.0 MB    | ########## | 100% [Anumpy-2.4.3          | 8.4 MB    | ########## | 100%                                                      
                                                     [A

                                                     [A[A


                                                     [A[A[A



                                                     [A[A[A[A done
Preparing transaction: / - done
Verifying transaction: | / - \ | / - \ | / - \ | / - \ | / - \ | / - \ | / - \ | / - \ | / - \ | / - \ | / - \ | / - \ | / - \ | / - \ done
Executing transaction: / - \ | / - \ | / - \ | / - \ | / - \ | / - \ | / - \ | / - \ | / - \ | / - \ | / - \ | / - \ | / - \ | / - \ | / - \ | / - \ | / - \ | / - \ | / - \ | / - \ | / - \ | / - \ | / - \ | / - \ | / - \ | / - \ | / - \ | / - \ | / - \ | / - \ done
nloptr: TRUE 
Using GitHub PAT from the git credential store.
Downloading GitHub repo steverozen/SynSigGen@HEAD
Downloading GitHub repo steverozen/ICAMSxtra@v0.1.0
── R CMD build ─────────────────────────────────────────────────────────────────
* checking for file ‘/tmp/RtmpyQC1tN/remotesf1363533a696/steverozen-ICAMSxtra-066c096/DESCRIPTION’ ... OK
* preparing ‘ICAMSxtra’:
* checking DESCRIPTION meta-information ... OK
* checking for LF line-endings in source and make files and shell scripts
* checking for empty or unneeded directories
* building ‘ICAMSxtra_0.1.0.tar.gz’
Warning: invalid uid value replaced by that for user 'nobody'
Warning: invalid gid value replaced by that for user 'nobody'

Installing package into ‘/hpc/home/sr110/R/x86_64-pc-linux-gnu-library/4.4’
(as ‘lib’ is unspecified)
* installing *source* package ‘ICAMSxtra’ ...
** using staged installation
** R
** data
*** moving datasets to lazyload DB
** inst
** byte-compile and prepare package for lazy loading
Error in loadNamespace(i, c(lib.loc, .libPaths()), versionCheck = vI[[i]]) : 
  there is no package called ‘rtracklayer’
Calls: <Anonymous> ... loadNamespace -> withRestarts -> withOneRestart -> doWithOneRestart
Execution halted
ERROR: lazy loading failed for package ‘ICAMSxtra’
* removing ‘/hpc/home/sr110/R/x86_64-pc-linux-gnu-library/4.4/ICAMSxtra’
Downloading GitHub repo steverozen/mSigAct@v3.0.3
── R CMD build ─────────────────────────────────────────────────────────────────
* checking for file ‘/tmp/RtmpyQC1tN/remotesf136338b1993b/steverozen-mSigAct-4394021/DESCRIPTION’ ... OK
* preparing ‘mSigAct’:
* checking DESCRIPTION meta-information ... OK
* checking for LF line-endings in source and make files and shell scripts
* checking for empty or unneeded directories
* looking to see if a ‘data/datalist’ file should be added
* building ‘mSigAct_3.0.3.tar.gz’
Warning: invalid uid value replaced by that for user 'nobody'
Warning: invalid gid value replaced by that for user 'nobody'

Installing package into ‘/hpc/home/sr110/R/x86_64-pc-linux-gnu-library/4.4’
(as ‘lib’ is unspecified)
* installing *source* package ‘mSigAct’ ...
** using staged installation
** R
** inst
** byte-compile and prepare package for lazy loading
** help
*** installing help indices
** building package indices
** testing if installed package can be loaded from temporary location
** testing if installed package can be loaded from final location
** testing if installed package keeps a record of temporary installation path
* DONE (mSigAct)
Downloading GitHub repo steverozen/ICAMSxtra@v0.1.0
Skipping ICAMSxtra, it is already being installed
Skipping install of 'mSigAct' from a github remote, the SHA1 (43940218) has not changed since last install.
  Use `force = TRUE` to force installation
── R CMD build ─────────────────────────────────────────────────────────────────
* checking for file ‘/tmp/RtmpyQC1tN/remotesf136361b71104/steverozen-SynSigGen-a5e55f6/DESCRIPTION’ ... OK
* preparing ‘SynSigGen’:
* checking DESCRIPTION meta-information ... OK
* checking for LF line-endings in source and make files and shell scripts
* checking for empty or unneeded directories
* building ‘SynSigGen_1.1.1.tar.gz’
Warning: invalid uid value replaced by that for user 'nobody'
Warning: invalid gid value replaced by that for user 'nobody'

Installing package into ‘/hpc/home/sr110/R/x86_64-pc-linux-gnu-library/4.4’
(as ‘lib’ is unspecified)
ERROR: dependency ‘ICAMSxtra’ is not available for package ‘SynSigGen’
* removing ‘/hpc/home/sr110/R/x86_64-pc-linux-gnu-library/4.4/SynSigGen’
Warning messages:
1: In i.p(...) :
  installation of package ‘/tmp/RtmpyQC1tN/filef1363583be32e/ICAMSxtra_0.1.0.tar.gz’ had non-zero exit status
2: In i.p(...) :
  installation of package ‘/tmp/RtmpyQC1tN/filef136312f0cbe0/SynSigGen_1.1.1.tar.gz’ had non-zero exit status
Using GitHub PAT from the git credential store.
Downloading GitHub repo steverozen/mSigAct@HEAD
── R CMD build ─────────────────────────────────────────────────────────────────
* checking for file ‘/tmp/RtmpyQC1tN/remotesf13635665ce8e/steverozen-mSigAct-ab45c77/DESCRIPTION’ ... OK
* preparing ‘mSigAct’:
* checking DESCRIPTION meta-information ... OK
* checking for LF line-endings in source and make files and shell scripts
* checking for empty or unneeded directories
* looking to see if a ‘data/datalist’ file should be added
* building ‘mSigAct_3.0.3.tar.gz’
Warning: invalid uid value replaced by that for user 'nobody'
Warning: invalid gid value replaced by that for user 'nobody'

Installing package into ‘/hpc/home/sr110/R/x86_64-pc-linux-gnu-library/4.4’
(as ‘lib’ is unspecified)
* installing *source* package ‘mSigAct’ ...
** using staged installation
** R
** inst
** byte-compile and prepare package for lazy loading
** help
*** installing help indices
** building package indices
** testing if installed package can be loaded from temporary location
** testing if installed package can be loaded from final location
** testing if installed package keeps a record of temporary installation path
* DONE (mSigAct)
