Sample,ID1,ID2,ID3,ID5,ID6,ID8,ID9,ID11
Liver-HCC::MSI-H.S.1,18594.319755199256,6139.575155784975,0.0,0.0,0.0,0.0,21.773510341655648,0.0
