Sample,SBS1,SBS2,SBS3,SBS5,SBS8,SBS13,SBS18,SBS26,SBS35,SBS39,SBS40,SBS41
Ovary-AdenoCA::MSI-H.S.1,960.8887855326808,48.09315145519369,2074.2297485649237,0.0,0.0,154.46638622431234,17.829015494788127,20121.935996658834,199.0806414740223,0.0,0.0,4689.467886244398
