Sample,ID1,ID2,ID4,ID5,ID6,ID8,ID9
Ovary-AdenoCA::MSI-H.S.1,7216.7542784950565,7412.978376900169,116.8392292359832,741.6159599014183,23.704557014056334,0.0,300.03241232907254
