Sample,SBS1,SBS2,SBS5,SBS7a,SBS7b,SBS7c,SBS7d,SBS13,SBS17a,SBS17b,SBS38,SBS40
Skin-Melanoma::MSI-H.S.1,21595.20007101921,0.0,0.0,404016.87299666624,195740.6788843572,1935.0641192074104,0.0,1272.9786338093681,3359.973067491245,689.8825263770112,0.0,0.0
